--
-- PostgreSQL database dump
--

-- Dumped from database version 16.9 (415ebe8)
-- Dumped by pg_dump version 16.9

SET statement_timeout = 0;
SET lock_timeout = 0;
SET idle_in_transaction_session_timeout = 0;
SET client_encoding = 'UTF8';
SET standard_conforming_strings = on;
SELECT pg_catalog.set_config('search_path', '', false);
SET check_function_bodies = false;
SET xmloption = content;
SET client_min_messages = warning;
SET row_security = off;

--
-- Name: enum_materials_type; Type: TYPE; Schema: public; Owner: neondb_owner
--

CREATE TYPE public.enum_materials_type AS ENUM (
    'standard',
    'custom'
);


ALTER TYPE public.enum_materials_type OWNER TO neondb_owner;

--
-- Name: enum_users_role; Type: TYPE; Schema: public; Owner: neondb_owner
--

CREATE TYPE public.enum_users_role AS ENUM (
    'Admin',
    'Technician',
    'Project Manager'
);


ALTER TYPE public.enum_users_role OWNER TO neondb_owner;

--
-- Name: enum_users_status; Type: TYPE; Schema: public; Owner: neondb_owner
--

CREATE TYPE public.enum_users_status AS ENUM (
    'invited',
    'activated'
);


ALTER TYPE public.enum_users_status OWNER TO neondb_owner;

SET default_tablespace = '';

SET default_table_access_method = heap;

--
-- Name: SequelizeMeta; Type: TABLE; Schema: public; Owner: neondb_owner
--

CREATE TABLE public."SequelizeMeta" (
    name character varying(255) NOT NULL
);


ALTER TABLE public."SequelizeMeta" OWNER TO neondb_owner;

--
-- Name: customers; Type: TABLE; Schema: public; Owner: neondb_owner
--

CREATE TABLE public.customers (
    id uuid NOT NULL,
    company_name character varying(255),
    first_name character varying(255),
    last_name character varying(255),
    email character varying(255),
    phone character varying(255),
    address_line_1 character varying(255),
    address_line_2 character varying(255),
    city character varying(255),
    province character varying(255),
    postal_code character varying(255),
    status boolean,
    created_at timestamp with time zone NOT NULL,
    updated_at timestamp with time zone NOT NULL,
    deleted_at timestamp with time zone
);


ALTER TABLE public.customers OWNER TO neondb_owner;

--
-- Name: lab_report_results; Type: TABLE; Schema: public; Owner: neondb_owner
--

CREATE TABLE public.lab_report_results (
    id uuid NOT NULL,
    lab_report_id uuid NOT NULL,
    parameter character varying(255),
    units character varying(255),
    mrl character varying(255),
    value character varying(255),
    created_at timestamp with time zone NOT NULL,
    updated_at timestamp with time zone NOT NULL,
    deleted_at timestamp with time zone
);


ALTER TABLE public.lab_report_results OWNER TO neondb_owner;

--
-- Name: lab_reports; Type: TABLE; Schema: public; Owner: neondb_owner
--

CREATE TABLE public.lab_reports (
    id uuid NOT NULL,
    client character varying(255),
    attention character varying(255),
    work_order character varying(255),
    reference character varying(255),
    report_date timestamp with time zone,
    project_number character varying(255),
    project_id uuid NOT NULL,
    created_at timestamp with time zone NOT NULL,
    updated_at timestamp with time zone NOT NULL,
    deleted_at timestamp with time zone
);


ALTER TABLE public.lab_reports OWNER TO neondb_owner;

--
-- Name: locations; Type: TABLE; Schema: public; Owner: neondb_owner
--

CREATE TABLE public.locations (
    id uuid NOT NULL,
    name character varying(255),
    address_line_1 character varying(255),
    address_line_2 character varying(255),
    city character varying(255),
    province character varying(255),
    postal_code character varying(255),
    customer_id uuid NOT NULL,
    active boolean DEFAULT true,
    created_at timestamp with time zone NOT NULL,
    updated_at timestamp with time zone NOT NULL,
    deleted_at timestamp with time zone
);


ALTER TABLE public.locations OWNER TO neondb_owner;

--
-- Name: materials; Type: TABLE; Schema: public; Owner: neondb_owner
--

CREATE TABLE public.materials (
    id uuid NOT NULL,
    name character varying(255) NOT NULL,
    type public.enum_materials_type NOT NULL,
    created_by uuid,
    created_at timestamp with time zone NOT NULL,
    updated_at timestamp with time zone NOT NULL,
    is_active boolean DEFAULT true NOT NULL
);


ALTER TABLE public.materials OWNER TO neondb_owner;

--
-- Name: password_reset_tokens; Type: TABLE; Schema: public; Owner: neondb_owner
--

CREATE TABLE public.password_reset_tokens (
    id integer NOT NULL,
    user_id uuid NOT NULL,
    token character varying(255) NOT NULL,
    is_used boolean DEFAULT false NOT NULL,
    created_at timestamp with time zone NOT NULL,
    expires_at timestamp with time zone NOT NULL
);


ALTER TABLE public.password_reset_tokens OWNER TO neondb_owner;

--
-- Name: password_reset_tokens_id_seq; Type: SEQUENCE; Schema: public; Owner: neondb_owner
--

CREATE SEQUENCE public.password_reset_tokens_id_seq
    AS integer
    START WITH 1
    INCREMENT BY 1
    NO MINVALUE
    NO MAXVALUE
    CACHE 1;


ALTER SEQUENCE public.password_reset_tokens_id_seq OWNER TO neondb_owner;

--
-- Name: password_reset_tokens_id_seq; Type: SEQUENCE OWNED BY; Schema: public; Owner: neondb_owner
--

ALTER SEQUENCE public.password_reset_tokens_id_seq OWNED BY public.password_reset_tokens.id;


--
-- Name: project_drawings; Type: TABLE; Schema: public; Owner: neondb_owner
--

CREATE TABLE public.project_drawings (
    id uuid NOT NULL,
    project_id uuid NOT NULL,
    file_name character varying(255) NOT NULL,
    file_url character varying(255) NOT NULL,
    is_marked boolean DEFAULT false NOT NULL,
    created_at timestamp with time zone NOT NULL,
    updated_at timestamp with time zone NOT NULL,
    deleted_at timestamp with time zone,
    created_by uuid
);


ALTER TABLE public.project_drawings OWNER TO neondb_owner;

--
-- Name: project_technicians; Type: TABLE; Schema: public; Owner: neondb_owner
--

CREATE TABLE public.project_technicians (
    created_at timestamp with time zone NOT NULL,
    updated_at timestamp with time zone NOT NULL,
    project_id uuid NOT NULL,
    user_id uuid NOT NULL
);


ALTER TABLE public.project_technicians OWNER TO neondb_owner;

--
-- Name: projects; Type: TABLE; Schema: public; Owner: neondb_owner
--

CREATE TABLE public.projects (
    id uuid NOT NULL,
    project_no character varying(255),
    name character varying(255),
    site_name character varying(255),
    site_contact_name character varying(255),
    site_contact_title character varying(255),
    project_type character varying(255),
    site_email character varying(255),
    status character varying(255),
    report_template_id uuid NOT NULL,
    location_id uuid NOT NULL,
    specific_location character varying(255),
    pm_id uuid NOT NULL,
    technician_id uuid NOT NULL,
    customer_id uuid NOT NULL,
    start_date timestamp with time zone,
    end_date timestamp with time zone,
    created_at timestamp with time zone NOT NULL,
    updated_at timestamp with time zone NOT NULL,
    deleted_at timestamp with time zone
);


ALTER TABLE public.projects OWNER TO neondb_owner;

--
-- Name: report_templates; Type: TABLE; Schema: public; Owner: neondb_owner
--

CREATE TABLE public.report_templates (
    id uuid NOT NULL,
    name character varying(255) NOT NULL,
    schema json,
    status boolean DEFAULT true,
    created_at timestamp with time zone NOT NULL,
    updated_at timestamp with time zone NOT NULL
);


ALTER TABLE public.report_templates OWNER TO neondb_owner;

--
-- Name: reports; Type: TABLE; Schema: public; Owner: neondb_owner
--

CREATE TABLE public.reports (
    id uuid NOT NULL,
    name character varying(255),
    project_id uuid NOT NULL,
    report_template_id uuid NOT NULL,
    assessment_due_to character varying(255),
    date_of_loss timestamp with time zone,
    date_of_assessment timestamp with time zone,
    answers json,
    photos json,
    status boolean,
    pm_feedback text,
    created_at timestamp with time zone NOT NULL,
    updated_at timestamp with time zone NOT NULL,
    deleted_at timestamp with time zone
);


ALTER TABLE public.reports OWNER TO neondb_owner;

--
-- Name: users; Type: TABLE; Schema: public; Owner: neondb_owner
--

CREATE TABLE public.users (
    id uuid NOT NULL,
    first_name character varying(255),
    last_name character varying(255),
    profile_picture character varying(255),
    technician_signature character varying(255),
    role public.enum_users_role NOT NULL,
    email character varying(255),
    phone character varying(255),
    status public.enum_users_status DEFAULT 'invited'::public.enum_users_status NOT NULL,
    activation_token character varying(255),
    activation_token_expires timestamp with time zone,
    last_login timestamp with time zone,
    is_verified boolean DEFAULT false NOT NULL,
    deactivated_user boolean DEFAULT false NOT NULL,
    password character varying(255),
    created_at timestamp with time zone NOT NULL,
    updated_at timestamp with time zone NOT NULL,
    deleted_at timestamp with time zone,
    created_by uuid
);


ALTER TABLE public.users OWNER TO neondb_owner;

--
-- Name: password_reset_tokens id; Type: DEFAULT; Schema: public; Owner: neondb_owner
--

ALTER TABLE ONLY public.password_reset_tokens ALTER COLUMN id SET DEFAULT nextval('public.password_reset_tokens_id_seq'::regclass);


--
-- Data for Name: SequelizeMeta; Type: TABLE DATA; Schema: public; Owner: neondb_owner
--

COPY public."SequelizeMeta" (name) FROM stdin;
20240320000000-add-user-activation-fields.js
20240321000000-add-status-to-report-templates.js
20240701120000-create-lab-report.js
20240701120100-create-lab-report-result.js
20250101000000-add-pm-feedback-to-reports.js
20250101000000-create-materials.js
20250217_add_end_date_to_projects.js
20250501054731-create-customer.js
20250501054741-create-location.js
20250501054743-create-user.js
20250501054745-create-project.js
20250501054755-create-report.js
20250505061847-create-password-reset-token.js
20250519123854-create-report-template.js
20250604000000-add-company-name-to-customer.js
20250604001000-remove-location-name-from-customer.js
20250611081248-update-role-enum.js
20250618063813-add_project_no_to_projects.js
20250619093753-add_specific_location_to_projects.js
20250619100727-add_technician_signature_to_users.js
20250620000000-add_project_type_to_projects.js
20250621090000-create-project-technicians.js
20250622000000-create-project-drawings.js
\.


--
-- Data for Name: customers; Type: TABLE DATA; Schema: public; Owner: neondb_owner
--

COPY public.customers (id, company_name, first_name, last_name, email, phone, address_line_1, address_line_2, city, province, postal_code, status, created_at, updated_at, deleted_at) FROM stdin;
0083b238-369b-4739-95d9-73ff8493e8d5	Test Company 2	Test F Name 1111	Test L name	ajay.g@crestinfosystems.com	31222	Test Address 1	Test Address 2	Test City	Test Provioence 1	122222	t	2025-10-27 08:55:30+00	2025-10-27 09:31:36+00	2025-10-27 09:31:36+00
1e87d60d-a5f6-40b6-9d5f-b3fe923da0f9	Test Company 	Test First Name	Test Last Name	test@gmail.com	1234567890	Test Address1	Test Address2	City	Province	123456	t	2025-10-27 06:09:26+00	2025-10-27 06:10:32+00	2025-10-27 06:10:32+00
349cac28-0881-4738-823a-84f9ba8c3864	Test Company	James	Tailor	jamescompany@example.com	+1 (919) 725-8045	6904 Main St	Suite 201	Hampton	NV	395008	t	2025-06-04 12:46:28+00	2025-06-04 12:47:02+00	2025-06-04 12:47:02+00
367f4923-edb1-44d5-a658-3b2753c98326	gsG	fsgv	gfsg	fjf@xyz.com	+1 (919) 725-8045	6904 Main St	line 2	Test	OH	60247	f	2025-06-05 06:02:57+00	2025-06-05 06:03:03+00	2025-06-05 06:03:03+00
560d8e22-3066-4ca5-8ad6-48a11f857f87	Test	Test F Name	Test L Name 	test@gmail.com	456456456456456	Test1	Test2	Test City	123	123456	t	2025-10-16 05:10:34+00	2025-10-16 05:12:15+00	2025-10-16 05:12:15+00
6268a3dc-48bf-4a5c-b5c5-815c25cc9487	Toronto Catholic District School Board	Lou Kahssay	Kahssay	fakeemail@gmail.com		80 Sheppard Avenue East		Toronto	Ontario	M2N 6E8	t	2025-07-29 17:10:34+00	2025-07-29 17:11:01+00	\N
75e33b5c-373c-4ee6-b0b3-1a988059abd5	New Company	James	White	william636@yopmail.com	402-579-5512	1238 Main St	Suite 201	Seattle	IN	24312	t	2025-05-30 08:36:34+00	2025-10-27 04:13:31+00	\N
85aa6a6a-5b39-4b26-92b0-3a57499d2756	Safetech Env	Contactname	Contactlast	info@safetechenv.com	5555555555	123 fake st		Miss	Ontario	L5J 2X6	t	2025-09-16 15:59:43+00	2025-09-16 15:59:43+00	\N
891249b1-2e44-406a-a74a-d0f433c3d665	Test Company	Test F Name	Test L Name	ajay.g@crestinfosystems.com	1234567890	Test Address 1	Test Address 2	Test City	Test Province	123456	t	2025-10-28 05:15:19+00	2025-10-29 06:43:16+00	\N
a4b27fe0-42c2-43ab-b708-bc848bc43d2c	Test Company	First name	Last name	test@gmail.com	1234567890	Head1	Address1	City`	province	Post Code	t	2025-10-27 05:49:05+00	2025-10-27 05:49:25+00	2025-10-27 05:49:25+00
bb13ed5a-9db3-40fd-aadc-c4962ff1bfb8	Test Company	Test F Name	Test L Name	test1@gmail.com	1234567890	Test1	Test Address2	Test City	123	123456	t	2025-10-27 06:14:45+00	2025-10-27 06:15:03+00	2025-10-27 06:15:03+00
c4029357-7d88-40f5-b2c6-393a4b23cd51	Test Company	Test F Name	Test L Name	test1@gmail.com	1234567890	Test Address1	Test Address2	Test City	123	123456	t	2025-10-27 06:11:13+00	2025-10-27 06:12:03+00	2025-10-27 06:12:03+00
f49bd628-399a-4483-a90c-dabaf7306e9d	Test Company 	Test First name 1	Test Last name	test1@gmail.com	1234567890	Test Address 1	Test Address 2	Test City	Test Province	12345	t	2025-10-27 08:39:14+00	2025-10-27 09:29:11+00	2025-10-27 09:29:11+00
fb5862c4-7b97-4da0-bc8b-19c58bab4975	Acme Inc.	Joe	Contact	chris+joecontact@dastech.ca	5555555555	123 Fake	Line 2	Miss	ON	L4L4L4	t	2025-06-26 14:58:06+00	2025-06-26 14:59:05+00	\N
fbe595e2-a560-4bdb-bcbc-dbcee3e14d11	Toronto Metropolitan University	PrimaryContactFirstName	PrimaryContactLastName	chris+reporttest@dastech.ca	416-555-5555	285 Victoria Street		Toronto	Ontario	M5B 1W1	t	2025-10-27 04:26:46+00	2025-10-27 05:41:33+00	\N
\.


--
-- Data for Name: lab_report_results; Type: TABLE DATA; Schema: public; Owner: neondb_owner
--

COPY public.lab_report_results (id, lab_report_id, parameter, units, mrl, value, created_at, updated_at, deleted_at) FROM stdin;
0000c9f3-b206-4595-ad3f-7a35a56ae349	51fba4eb-f608-49ec-9acd-4926ce81ffe0	Acenaphthene	ug/g	0.02	<0.10	2025-07-15 08:55:32+00	2025-11-03 09:48:11.593+00	\N
040e9f03-9180-45c9-ab21-f543469ad6db	51fba4eb-f608-49ec-9acd-4926ce81ffe0	Methylene Chloride	ug/g	0.05	<0.05	2025-07-15 08:55:32+00	2025-11-03 09:48:11.62+00	\N
080b8121-cfd3-4d82-aa41-5915916a4c21	51fba4eb-f608-49ec-9acd-4926ce81ffe0	pH	pH Units	0.05	7.18	2025-07-15 08:55:32+00	2025-11-03 09:48:11.654+00	\N
095456c0-2311-4439-a4e8-daeb674e522c	51fba4eb-f608-49ec-9acd-4926ce81ffe0	Trichlorofluoromethane	ug/g	0.05	<0.05	2025-07-15 08:55:32+00	2025-11-03 09:48:11.678+00	\N
117d83ee-466e-46c8-a0aa-9daa109217a4	51fba4eb-f608-49ec-9acd-4926ce81ffe0	Vinyl chloride	ug/g	0.02	<0.02	2025-07-15 08:55:32+00	2025-11-03 09:48:11.703+00	\N
11e9e849-8a22-48e1-b756-acf91acdc858	51fba4eb-f608-49ec-9acd-4926ce81ffe0	Methylnaphthalene (1&2)	ug/g	0.03	10.4	2025-07-15 08:55:32+00	2025-11-03 09:48:11.727+00	\N
146bd4ff-e934-4f00-91a7-39a8af93c069	51fba4eb-f608-49ec-9acd-4926ce81ffe0	Anthracene	ug/g	0.02	<0.10	2025-07-15 08:55:32+00	2025-11-03 09:48:11.751+00	\N
1520885a-4e13-4aa4-99f5-0e41ab21f0bd	51fba4eb-f608-49ec-9acd-4926ce81ffe0	Benzo [b] fluoranthene	ug/g	0.02	<0.10	2025-07-15 08:55:32+00	2025-11-03 09:48:11.777+00	\N
15b51fde-9010-410f-906a-15bf5d0c5069	51fba4eb-f608-49ec-9acd-4926ce81ffe0	Dichlorodifluoromethane	ug/g	0.05	<0.05	2025-07-15 08:55:32+00	2025-11-03 09:48:11.801+00	\N
184de36d-1f52-48e2-951d-4c2ce2dff49a	51fba4eb-f608-49ec-9acd-4926ce81ffe0	Ethylbenzene	ug/g	0.05	1.53	2025-07-15 08:55:32+00	2025-11-03 09:48:11.826+00	\N
2106dddd-44c4-4616-b1f6-cca975fa0d21	51fba4eb-f608-49ec-9acd-4926ce81ffe0	% Solids	% by Wt.	0.1	68.6	2025-07-15 08:55:32+00	2025-11-03 09:48:11.851+00	\N
23c1c355-3875-4556-94f0-eb50a474eb5b	51fba4eb-f608-49ec-9acd-4926ce81ffe0	Bromomethane	ug/g	0.05	<0.05	2025-07-15 08:55:32+00	2025-11-03 09:48:11.875+00	\N
2a072b17-6f54-4272-9264-6256e19f65ec	51fba4eb-f608-49ec-9acd-4926ce81ffe0	Lead	ug/g dry	1	140	2025-07-15 08:55:32+00	2025-11-03 09:48:11.902+00	\N
2a10339c-a080-4858-bd24-475aeb42960e	51fba4eb-f608-49ec-9acd-4926ce81ffe0	Benzene	ug/g	0.02	0.06	2025-07-15 08:55:32+00	2025-11-03 09:48:11.927+00	\N
2b4408de-f770-492a-b33c-5544af947a7c	51fba4eb-f608-49ec-9acd-4926ce81ffe0	Pyrene	ug/g	0.02	0.79	2025-07-15 08:55:32+00	2025-11-03 09:48:11.951+00	\N
2ca69fbc-60bb-45e7-92c8-65e2cdff781a	51fba4eb-f608-49ec-9acd-4926ce81ffe0	Trichloroethylene	ug/g	0.05	<0.05	2025-07-15 08:55:32+00	2025-11-03 09:48:11.975+00	\N
2d479d91-be66-4276-bf41-d9bca2f65ed9	51fba4eb-f608-49ec-9acd-4926ce81ffe0	Styrene	ug/g	0.05	<0.05	2025-07-15 08:55:32+00	2025-11-03 09:48:11.999+00	\N
2f1b2d8f-f55d-4e06-8be5-9cde3b9bbfc2	51fba4eb-f608-49ec-9acd-4926ce81ffe0	Beryllium	ug/g dry	0.5	<0.5	2025-07-15 08:55:32+00	2025-11-03 09:48:12.025+00	\N
31917caf-9ea0-4fe7-9872-51b77550fddc	51fba4eb-f608-49ec-9acd-4926ce81ffe0	Antimony	ug/g dry	1	<1.0	2025-07-15 08:55:32+00	2025-11-03 09:48:12.051+00	\N
31cf1fdc-388f-4f2c-8a87-6d111420c69b	51fba4eb-f608-49ec-9acd-4926ce81ffe0	Barium	ug/g dry	1	31.9	2025-07-15 08:55:32+00	2025-11-03 09:48:12.075+00	\N
33be7e1b-49a2-4b78-8093-a43086475980	51fba4eb-f608-49ec-9acd-4926ce81ffe0	Methyl Ethyl Ketone (2-Butanone)	ug/g	0.5	<0.50	2025-07-15 08:55:32+00	2025-11-03 09:48:12.098+00	\N
3d3ba986-29f5-4b1c-954b-99db6baff075	51fba4eb-f608-49ec-9acd-4926ce81ffe0	F3 PHCs (C16-C34)	ug/g	8	3610	2025-07-15 08:55:32+00	2025-11-03 09:48:12.122+00	\N
416b7872-11bd-4632-8416-99126f6483ce	51fba4eb-f608-49ec-9acd-4926ce81ffe0	1-Methylnaphthalene	ug/g	0.02	4.16	2025-07-15 08:55:32+00	2025-11-03 09:48:12.146+00	\N
47510401-58ab-4854-95dd-06a7b06107ed	51fba4eb-f608-49ec-9acd-4926ce81ffe0	Benzo [g,h,i] perylene	ug/g	0.02	<0.10	2025-07-15 08:55:32+00	2025-11-03 09:48:12.169+00	\N
47d5e770-0b95-4a2a-9d9e-a637774c1b54	51fba4eb-f608-49ec-9acd-4926ce81ffe0	F1 PHCs (C6-C10)	ug/g	7	202	2025-07-15 08:55:32+00	2025-11-03 09:48:12.192+00	\N
483870d5-7b2a-4271-aaa6-9d9e12780630	51fba4eb-f608-49ec-9acd-4926ce81ffe0	Ethylene dibromide (dibromoethane, 1,2-)	ug/g	0.05	<0.05	2025-07-15 08:55:32+00	2025-11-03 09:48:12.216+00	\N
4894e409-8c70-44bb-9abe-00a382ce7f01	51fba4eb-f608-49ec-9acd-4926ce81ffe0	Selenium	ug/g dry	1	<1.0	2025-07-15 08:55:32+00	2025-11-03 09:48:12.239+00	\N
48a216c8-f382-4e8c-bf10-2345c82b33a5	51fba4eb-f608-49ec-9acd-4926ce81ffe0	Bromoform	ug/g	0.05	<0.05	2025-07-15 08:55:32+00	2025-11-03 09:48:12.263+00	\N
4ce9ad72-cb44-4998-88b1-756f66628fc0	51fba4eb-f608-49ec-9acd-4926ce81ffe0	trans-1,3-Dichloropropylene	ug/g	0.05	<0.05	2025-07-15 08:55:32+00	2025-11-03 09:48:12.287+00	\N
4df7386e-59d2-41e0-acc0-e9c0b16f407c	51fba4eb-f608-49ec-9acd-4926ce81ffe0	Dibromochloromethane	ug/g	0.05	<0.05	2025-07-15 08:55:32+00	2025-11-03 09:48:12.313+00	\N
4e6684c6-740c-4789-8055-ce57e40ec3e1	51fba4eb-f608-49ec-9acd-4926ce81ffe0	1,2-Dichloroethane	ug/g	0.05	<0.05	2025-07-15 08:55:32+00	2025-11-03 09:48:12.383+00	\N
50445e49-c2c0-499d-b611-f0e68b84f8e3	51fba4eb-f608-49ec-9acd-4926ce81ffe0	Xylenes, total	ug/g	0.05	8	2025-07-15 08:55:32+00	2025-11-03 09:48:12.407+00	\N
56fcd845-51c2-4474-9f38-8045eef3af73	51fba4eb-f608-49ec-9acd-4926ce81ffe0	Conductivity	mS/cm	0.005	7.39	2025-07-15 08:55:32+00	2025-11-03 09:48:12.431+00	\N
58a82b90-6bb3-4370-a011-18f0a837e34c	51fba4eb-f608-49ec-9acd-4926ce81ffe0	Cyanide, free	ug/g	0.03	<0.03	2025-07-15 08:55:32+00	2025-11-03 09:48:12.459+00	\N
59e1cea5-9352-462c-b3a3-298582dcc3c6	51fba4eb-f608-49ec-9acd-4926ce81ffe0	Cobalt	ug/g dry	1	3.3	2025-07-15 08:55:32+00	2025-11-03 09:48:12.484+00	\N
613e49fc-90cf-4999-8dd3-ee10a068de70	51fba4eb-f608-49ec-9acd-4926ce81ffe0	Chloroform	ug/g	0.05	<0.05	2025-07-15 08:55:32+00	2025-11-03 09:48:12.509+00	\N
61507963-b668-4ca4-9448-74c61a31e0cc	51fba4eb-f608-49ec-9acd-4926ce81ffe0	F4 PHCs (C34-C50)	ug/g	6	579	2025-07-15 08:55:32+00	2025-11-03 09:48:12.532+00	\N
61d31a6b-bf65-4677-a09b-d4c35b8dda79	51fba4eb-f608-49ec-9acd-4926ce81ffe0	cis-1,2-Dichloroethylene	ug/g	0.05	<0.05	2025-07-15 08:55:32+00	2025-11-03 09:48:12.556+00	\N
62ecbda8-cb77-4fbb-9b8d-12f4bce00dde	51fba4eb-f608-49ec-9acd-4926ce81ffe0	Benzo [a] pyrene	ug/g	0.02	<0.10	2025-07-15 08:55:32+00	2025-11-03 09:48:12.579+00	\N
6ad86dab-96bb-4139-b41e-a67fcef786d2	51fba4eb-f608-49ec-9acd-4926ce81ffe0	Acetone	ug/g	0.5	<0.50	2025-07-15 08:55:32+00	2025-11-03 09:48:12.602+00	\N
6b1b39f6-6155-4253-b701-4a362286ce97	51fba4eb-f608-49ec-9acd-4926ce81ffe0	1,1,1-Trichloroethane	ug/g	0.05	<0.05	2025-07-15 08:55:32+00	2025-11-03 09:48:12.626+00	\N
704de299-4725-4d32-ac63-88af34633930	51fba4eb-f608-49ec-9acd-4926ce81ffe0	Molybdenum	ug/g dry	1	<1.0	2025-07-15 08:55:32+00	2025-11-03 09:48:12.651+00	\N
76d3253d-6096-4254-af16-ca1b105bf8a2	51fba4eb-f608-49ec-9acd-4926ce81ffe0	Nickel	ug/g dry	5	8.8	2025-07-15 08:55:32+00	2025-11-03 09:48:12.676+00	\N
7a63ce39-dfca-4a9c-a6c4-84568e64f0b2	51fba4eb-f608-49ec-9acd-4926ce81ffe0	Arsenic	ug/g dry	1	1.6	2025-07-15 08:55:32+00	2025-11-03 09:48:12.702+00	\N
7e945d5c-4942-4846-9b8e-86dd8e21a7fd	51fba4eb-f608-49ec-9acd-4926ce81ffe0	Tetrachloroethylene	ug/g	0.05	<0.05	2025-07-15 08:55:32+00	2025-11-03 09:48:12.725+00	\N
7edbb215-ae51-4b76-abbc-8afe3adadf7c	51fba4eb-f608-49ec-9acd-4926ce81ffe0	Hexane	ug/g	0.05	0.36	2025-07-15 08:55:32+00	2025-11-03 09:48:12.75+00	\N
81317415-19fd-4ac1-974d-8d9d88cc0dd5	51fba4eb-f608-49ec-9acd-4926ce81ffe0	Cadmium	ug/g dry	0.5	<0.5	2025-07-15 08:55:32+00	2025-11-03 09:48:12.774+00	\N
006a1ee8-f7d3-4146-abaa-dd37ebda9880	7fb124d6-c60a-4d70-b4e3-5f34d97ac843	Methyl Ethyl Ketone (2-Butanone)	ug/g	0.5	<0.50	2025-07-08 05:41:52+00	2025-11-03 09:48:12.797+00	\N
011f2d31-ca5b-4893-9f90-d1741ce0b256	7fb124d6-c60a-4d70-b4e3-5f34d97ac843	Methyl Isobutyl Ketone	ug/g	0.5	<0.50	2025-07-08 05:41:52+00	2025-11-03 09:48:12.82+00	\N
022232b5-ff56-4c5e-8536-2e4cab03071a	7fb124d6-c60a-4d70-b4e3-5f34d97ac843	1,1,1,2-Tetrachloroethane	ug/g	0.05	<0.05	2025-07-08 05:41:52+00	2025-11-03 09:48:12.844+00	\N
044d1c22-051e-4c20-8aed-43c952855169	7fb124d6-c60a-4d70-b4e3-5f34d97ac843	o-Xylene	ug/g	0.05	2.77	2025-07-08 05:41:52+00	2025-11-03 09:48:12.868+00	\N
07ccbfd8-8c4e-49c4-b610-3502900fda93	7fb124d6-c60a-4d70-b4e3-5f34d97ac843	Molybdenum	ug/g dry	1	<1.0	2025-07-08 05:41:52+00	2025-11-03 09:48:12.892+00	\N
0932b3c4-153a-40cf-a05c-79ac56f93792	7fb124d6-c60a-4d70-b4e3-5f34d97ac843	1,1-Dichloroethane	ug/g	0.05	<0.05	2025-07-08 05:41:52+00	2025-11-03 09:48:12.917+00	\N
0c8a196a-5b42-4244-ad1b-2e977cf5ff5b	7fb124d6-c60a-4d70-b4e3-5f34d97ac843	Styrene	ug/g	0.05	<0.05	2025-07-08 05:41:52+00	2025-11-03 09:48:12.941+00	\N
0cd5b4c5-b634-4ce3-95c8-c03eb89141b2	7fb124d6-c60a-4d70-b4e3-5f34d97ac843	Ethylene dibromide (dibromoethane, 1,2-)	ug/g	0.05	<0.05	2025-07-08 05:41:52+00	2025-11-03 09:48:12.966+00	\N
0dbdcccf-f9f2-485d-aca2-36f794b1b802	7fb124d6-c60a-4d70-b4e3-5f34d97ac843	1,2-Dichloropropane	ug/g	0.05	<0.05	2025-07-08 05:41:52+00	2025-11-03 09:48:12.99+00	\N
14946b25-348e-49b1-a671-35ebd143ea7d	7fb124d6-c60a-4d70-b4e3-5f34d97ac843	Barium	ug/g dry	1	31.9	2025-07-08 05:41:52+00	2025-11-03 09:48:13.013+00	\N
19aebe14-c28b-4930-bfb7-eb622d668627	7fb124d6-c60a-4d70-b4e3-5f34d97ac843	Dichlorodifluoromethane	ug/g	0.05	<0.05	2025-07-08 05:41:52+00	2025-11-03 09:48:13.038+00	\N
1ca1be99-4e5f-4f75-9da5-6ad88326636b	7fb124d6-c60a-4d70-b4e3-5f34d97ac843	Methylnaphthalene (1&2)	ug/g	0.03	10.4	2025-07-08 05:41:52+00	2025-11-03 09:48:13.062+00	\N
1ceb6ae1-4312-4251-b9ed-699b8596c6c4	7fb124d6-c60a-4d70-b4e3-5f34d97ac843	Mercury	ug/g dry	0.1	<0.1	2025-07-08 05:41:52+00	2025-11-03 09:48:13.088+00	\N
20327b10-1246-41c6-bd72-bc1bb7a8d7f5	7fb124d6-c60a-4d70-b4e3-5f34d97ac843	1,2-Dichloroethane	ug/g	0.05	<0.05	2025-07-08 05:41:52+00	2025-11-03 09:48:13.114+00	\N
214ea017-e27a-4b7f-bbaa-9d166ec30ac5	7fb124d6-c60a-4d70-b4e3-5f34d97ac843	Acetone	ug/g	0.5	<0.50	2025-07-08 05:41:52+00	2025-11-03 09:48:13.14+00	\N
23ec37e1-d277-4efb-9f8e-d87bbaec01f4	7fb124d6-c60a-4d70-b4e3-5f34d97ac843	cis-1,3-Dichloropropylene	ug/g	0.05	<0.05	2025-07-08 05:41:52+00	2025-11-03 09:48:13.168+00	\N
262b55fa-ac10-4d4f-bdd6-56224f098883	7fb124d6-c60a-4d70-b4e3-5f34d97ac843	pH	pH Units	0.05	7.18	2025-07-08 05:41:52+00	2025-11-03 09:48:13.192+00	\N
36c5eb60-efa4-48c3-9c3d-4f15c6e37af6	7fb124d6-c60a-4d70-b4e3-5f34d97ac843	Methyl tert-butyl ether	ug/g	0.05	<0.05	2025-07-08 05:41:52+00	2025-11-03 09:48:13.216+00	\N
38042fae-37a7-4e4a-87d5-93fba835c2d3	7fb124d6-c60a-4d70-b4e3-5f34d97ac843	cis-1,2-Dichloroethylene	ug/g	0.05	<0.05	2025-07-08 05:41:52+00	2025-11-03 09:48:13.239+00	\N
42aecaf6-3594-4a17-b3d3-82e8f47c6c6d	7fb124d6-c60a-4d70-b4e3-5f34d97ac843	Trichloroethylene	ug/g	0.05	<0.05	2025-07-08 05:41:52+00	2025-11-03 09:48:13.262+00	\N
4538337c-e169-4297-b856-e5875d5e4e6b	7fb124d6-c60a-4d70-b4e3-5f34d97ac843	Fluoranthene	ug/g	0.02	<0.10	2025-07-08 05:41:52+00	2025-11-03 09:48:13.285+00	\N
45956ab7-e855-48d6-ad74-d11c91f3fd72	7fb124d6-c60a-4d70-b4e3-5f34d97ac843	m,p-Xylenes	ug/g	0.05	5.23	2025-07-08 05:41:52+00	2025-11-03 09:48:13.308+00	\N
475a6e77-d268-4dda-914b-3b8b2e847ef9	7fb124d6-c60a-4d70-b4e3-5f34d97ac843	1,1,2,2-Tetrachloroethane	ug/g	0.05	<0.05	2025-07-08 05:41:52+00	2025-11-03 09:48:13.335+00	\N
483c1244-bdb3-449b-82e3-6dea735dbbd2	7fb124d6-c60a-4d70-b4e3-5f34d97ac843	F3 PHCs (C16-C34)	ug/g	8	3610	2025-07-08 05:41:52+00	2025-11-03 09:48:13.359+00	\N
494e39ff-aa00-428d-b60c-1c6bd1669b77	7fb124d6-c60a-4d70-b4e3-5f34d97ac843	1,3-Dichloropropene, total	ug/g	0.05	<0.05	2025-07-08 05:41:52+00	2025-11-03 09:48:13.382+00	\N
4a7b69d5-fabc-454d-9c5f-031f7bd17174	7fb124d6-c60a-4d70-b4e3-5f34d97ac843	F2 PHCs (C10-C16)	ug/g	4	2920	2025-07-08 05:41:52+00	2025-11-03 09:48:13.406+00	\N
4af1d64f-3568-466d-b2d7-08bbdd1e4b44	7fb124d6-c60a-4d70-b4e3-5f34d97ac843	F4 PHCs (C34-C50)	ug/g	6	579	2025-07-08 05:41:52+00	2025-11-03 09:48:13.43+00	\N
4c7bdb96-3de2-4790-921a-d5044eaf85da	7fb124d6-c60a-4d70-b4e3-5f34d97ac843	Acenaphthene	ug/g	0.02	<0.10	2025-07-08 05:41:52+00	2025-11-03 09:48:13.456+00	\N
4f27744e-84a3-4831-b2d0-720c30b6594d	7fb124d6-c60a-4d70-b4e3-5f34d97ac843	F1 PHCs (C6-C10)	ug/g	7	202	2025-07-08 05:41:52+00	2025-11-03 09:48:13.48+00	\N
5c7d34d0-150c-4a6e-9842-cd297745fa0b	7fb124d6-c60a-4d70-b4e3-5f34d97ac843	Tetrachloroethylene	ug/g	0.05	<0.05	2025-07-08 05:41:52+00	2025-11-03 09:48:13.506+00	\N
5c8c9fa7-da02-448d-8c43-c1b017281505	7fb124d6-c60a-4d70-b4e3-5f34d97ac843	1,3-Dichlorobenzene	ug/g	0.05	<0.05	2025-07-08 05:41:52+00	2025-11-03 09:48:13.532+00	\N
5f4a6bcd-9033-4886-b4b3-7c6a6d53cb82	7fb124d6-c60a-4d70-b4e3-5f34d97ac843	Benzo [a] pyrene	ug/g	0.02	<0.10	2025-07-08 05:41:52+00	2025-11-03 09:48:13.556+00	\N
601a6e98-13af-4daf-a12b-d78e5011cdde	7fb124d6-c60a-4d70-b4e3-5f34d97ac843	Selenium	ug/g dry	1	<1.0	2025-07-08 05:41:52+00	2025-11-03 09:48:13.582+00	\N
6148a0de-1824-4cb0-9956-2a2184ce9807	7fb124d6-c60a-4d70-b4e3-5f34d97ac843	Cobalt	ug/g dry	1	3.3	2025-07-08 05:41:52+00	2025-11-03 09:48:13.606+00	\N
624fade7-8410-45d3-bc9f-b29c7b13880e	7fb124d6-c60a-4d70-b4e3-5f34d97ac843	Arsenic	ug/g dry	1	1.6	2025-07-08 05:41:52+00	2025-11-03 09:48:13.629+00	\N
65be2d6b-fd8b-4193-86a0-277f188e39c7	7fb124d6-c60a-4d70-b4e3-5f34d97ac843	Chloroform	ug/g	0.05	<0.05	2025-07-08 05:41:52+00	2025-11-03 09:48:13.652+00	\N
6a7dc3c6-301d-4d7d-a86f-ff6584a3f619	7fb124d6-c60a-4d70-b4e3-5f34d97ac843	Nickel	ug/g dry	5	8.8	2025-07-08 05:41:52+00	2025-11-03 09:48:13.676+00	\N
6bc65308-84e1-4352-bad2-ee93470940da	7fb124d6-c60a-4d70-b4e3-5f34d97ac843	Fluorene	ug/g	0.02	1.62	2025-07-08 05:41:52+00	2025-11-03 09:48:13.7+00	\N
74318955-ab47-4311-b6c0-31907d678938	7fb124d6-c60a-4d70-b4e3-5f34d97ac843	Benzo [a] anthracene	ug/g	0.02	<0.10	2025-07-08 05:41:52+00	2025-11-03 09:48:13.724+00	\N
76083c9b-63a8-4c9c-b905-6074e3fb7a6d	7fb124d6-c60a-4d70-b4e3-5f34d97ac843	Conductivity	mS/cm	0.005	7.39	2025-07-08 05:41:52+00	2025-11-03 09:48:13.747+00	\N
76fc50ca-89c1-4b82-8f6f-9b688bf25fbc	7fb124d6-c60a-4d70-b4e3-5f34d97ac843	% Solids	% by Wt.	0.1	68.6	2025-07-08 05:41:52+00	2025-11-03 09:48:13.771+00	\N
7894fa33-1d4d-44ac-8916-893a743d4d36	7fb124d6-c60a-4d70-b4e3-5f34d97ac843	Methylene Chloride	ug/g	0.05	<0.05	2025-07-08 05:41:52+00	2025-11-03 09:48:13.795+00	\N
7c625aab-9567-463c-b30c-734e64075f9f	7fb124d6-c60a-4d70-b4e3-5f34d97ac843	Boron	ug/g dry	5	9.5	2025-07-08 05:41:52+00	2025-11-03 09:48:13.819+00	\N
7d05d04e-7305-4d73-8d36-28b57f6e9e95	7fb124d6-c60a-4d70-b4e3-5f34d97ac843	Benzo [g,h,i] perylene	ug/g	0.02	<0.10	2025-07-08 05:41:52+00	2025-11-03 09:48:13.843+00	\N
7d599aaa-5e57-4866-99d3-aea672dafda4	7fb124d6-c60a-4d70-b4e3-5f34d97ac843	Vanadium	ug/g dry	10	14.3	2025-07-08 05:41:52+00	2025-11-03 09:48:13.866+00	\N
80f86a2d-2639-4bdc-a406-54ba1aa59984	7fb124d6-c60a-4d70-b4e3-5f34d97ac843	Antimony	ug/g dry	1	<1.0	2025-07-08 05:41:52+00	2025-11-03 09:48:13.89+00	\N
81db309a-acda-4589-a664-f6409a25ad46	7fb124d6-c60a-4d70-b4e3-5f34d97ac843	Thallium	ug/g dry	1	<1.0	2025-07-08 05:41:52+00	2025-11-03 09:48:13.914+00	\N
834e2464-4647-4fe5-850d-0b9176e2b78d	7fb124d6-c60a-4d70-b4e3-5f34d97ac843	Vinyl chloride	ug/g	0.02	<0.02	2025-07-08 05:41:52+00	2025-11-03 09:48:13.937+00	\N
\.


--
-- Data for Name: lab_reports; Type: TABLE DATA; Schema: public; Owner: neondb_owner
--

COPY public.lab_reports (id, client, attention, work_order, reference, report_date, project_number, project_id, created_at, updated_at, deleted_at) FROM stdin;
51fba4eb-f608-49ec-9acd-4926ce81ffe0	Safetech Environmental Limited (Mississauga)	Lesley Pinto	2518431	SO Safetech Environmental Limited - ENV	2025-05-06 15:03:00+00	1-2250033	6546e74d-02b9-4d32-987a-13f0daa81289	2025-07-15 08:55:32+00	2025-11-03 09:48:11.041+00	\N
7fb124d6-c60a-4d70-b4e3-5f34d97ac843	Safetech Environmental Limited (Mississauga)	Lesley Pinto	2518431	SO Safetech Environmental Limited - ENV	2025-05-06 15:03:00+00	1-2250033	7236a707-ec22-4634-a2e4-1d6c2c54fad4	2025-07-08 05:41:52+00	2025-11-03 09:48:11.567+00	\N
\.


--
-- Data for Name: locations; Type: TABLE DATA; Schema: public; Owner: neondb_owner
--

COPY public.locations (id, name, address_line_1, address_line_2, city, province, postal_code, customer_id, active, created_at, updated_at, deleted_at) FROM stdin;
11b825c6-d0eb-4abd-8f77-2f2cc87fcd80	Second Location	123 Fake		Miss	ON	L4L4L4	fb5862c4-7b97-4da0-bc8b-19c58bab4975	t	2025-06-26 14:59:05+00	2025-06-26 14:59:05+00	\N
5235ba92-ae04-4b98-83da-a0eb6d578110	Toronto Metropolitan University’s Kerr Hall Building	340 Church Street		Toronto	Ontario	M5B 2K3	fbe595e2-a560-4bdb-bcbc-dbcee3e14d11	t	2025-10-27 04:26:46+00	2025-10-27 05:41:33+00	\N
5795cd6b-815f-4eb9-b7d1-70bf3e03a273	Office 	123 test		Miss	Ontario	L5J 2X6	85aa6a6a-5b39-4b26-92b0-3a57499d2756	t	2025-09-16 15:59:43+00	2025-09-16 15:59:43+00	\N
683d95bf-59b0-48ef-89db-72f2ddb9a562	Fake Street Location	321 Fake St	Line 2	Thecity	TheProvince	l5j2x6	fb5862c4-7b97-4da0-bc8b-19c58bab4975	t	2025-06-26 14:58:06+00	2025-06-26 14:59:05+00	\N
8527be54-bc2b-4419-bb03-9edb08d5cc01	Test 	1	2	city	Test	1234564789	560d8e22-3066-4ca5-8ad6-48a11f857f87	t	2025-10-16 05:10:34+00	2025-10-16 05:10:34+00	\N
89b4f316-a5ee-49c3-ac19-63e2b5df750a	loc 2	add 2	add2	city 2	pro 2	222222	0083b238-369b-4739-95d9-73ff8493e8d5	t	2025-10-27 08:55:30+00	2025-10-27 09:29:54+00	\N
986a91ff-325a-42ab-98d6-84e6ec0e5403	Seattle Location	4318 Main St	Suite 187	Seattle	NC	92642	75e33b5c-373c-4ee6-b0b3-1a988059abd5	t	2025-05-30 08:36:34+00	2025-10-27 04:13:31+00	\N
a047b109-4f68-4cc4-b932-afb2b5f296dc	Test Location 1	Test Address 1	Test Address2	Test City	Test Province	123456	f49bd628-399a-4483-a90c-dabaf7306e9d	t	2025-10-27 08:39:14+00	2025-10-27 08:59:22+00	\N
b324d44f-9918-4940-a08a-ebc81496c5ce	Loc 1	1238 Main St	Suite 345	Banff	OH	89647	349cac28-0881-4738-823a-84f9ba8c3864	t	2025-06-04 12:46:28+00	2025-06-04 12:46:28+00	\N
bba23178-0fbe-47f9-ad0a-16c6d0c8c850	Test Location 1	Test Address1	Test Address 2	Test City	Test Province	123456	891249b1-2e44-406a-a74a-d0f433c3d665	t	2025-10-28 05:15:19+00	2025-10-29 06:43:16+00	2025-10-29 06:43:16+00
cf464048-3f09-4314-a9bf-addf78e7fc96	Hall Building	Toronto Metropolitan University’s Kerr Hall Building	340 Church Street	Toronto	Ontario	M5B 2K3	75e33b5c-373c-4ee6-b0b3-1a988059abd5	t	2025-10-27 04:13:31+00	2025-10-27 04:13:31+00	\N
d090b757-1aeb-41e9-a960-a6a6b6cecf80	Entire University Campus	Toronto Metropolitan University	285 Victoria Street	Toronto	Ontario	M5B 1W1	75e33b5c-373c-4ee6-b0b3-1a988059abd5	t	2025-10-27 04:13:31+00	2025-10-27 04:13:31+00	\N
d6a55da5-0e55-4ccd-9048-40077010f1fe	loc 1	add 1	add 2	city 1	pro1	11111	0083b238-369b-4739-95d9-73ff8493e8d5	t	2025-10-27 08:55:30+00	2025-10-27 09:29:54+00	\N
\.


--
-- Data for Name: materials; Type: TABLE DATA; Schema: public; Owner: neondb_owner
--

COPY public.materials (id, name, type, created_by, created_at, updated_at, is_active) FROM stdin;
03cf58b4-4d6b-4479-b878-e906c1529d2d	Grey Caulking on Windows	custom	a0056997-bc2e-424b-b769-ee0ef88a650b	2025-07-24 04:56:13+00	2025-07-24 04:56:13+00	t
0448d577-fb62-42f1-bc6e-0854e86fbada	Custom Material 003	custom	d1186d22-54ae-4890-9bee-d5e0bbf7631f	2025-10-15 06:37:08+00	2025-10-15 06:37:08+00	t
0537aad9-f3c5-440c-b1d0-d94ed5c25a37	Smooth Plaster Finish	custom	d1186d22-54ae-4890-9bee-d5e0bbf7631f	2025-10-27 05:45:47+00	2025-10-27 05:45:47+00	t
068de93a-8eec-48e3-8f1c-ec6fcb11f1d3	Beige Caulking on Flashing	custom	a0056997-bc2e-424b-b769-ee0ef88a650b	2025-07-24 04:50:15+00	2025-07-24 04:50:15+00	t
0ef07f3b-65bf-4497-a820-9353fed0805d	Thermometers	custom	a0056997-bc2e-424b-b769-ee0ef88a650b	2025-07-28 11:35:50+00	2025-07-28 11:35:50+00	t
10d8f332-f51a-4439-bfbf-ae0dd8ae7c7a	Test material 3.	custom	d1186d22-54ae-4890-9bee-d5e0bbf7631f	2025-10-07 04:34:46+00	2025-10-07 04:34:46+00	t
1330e155-a44a-4f8d-a884-68277c118cb3	Black Mastic on Duct	custom	a0056997-bc2e-424b-b769-ee0ef88a650b	2025-07-24 04:57:30+00	2025-07-24 04:57:30+00	t
149c6816-eefc-4c04-be2c-79055b6cb26a	Test Material 7	custom	d1186d22-54ae-4890-9bee-d5e0bbf7631f	2025-10-07 04:41:10+00	2025-10-07 04:41:10+00	t
159064c6-76e0-4d26-bac1-93e6a1e3a01a	Fascia Caulking	custom	d1186d22-54ae-4890-9bee-d5e0bbf7631f	2025-10-27 06:08:30+00	2025-10-27 06:08:30+00	t
18945700-1afd-4fdc-b8e1-3e6b179f28ec	Test Material 1	custom	d1186d22-54ae-4890-9bee-d5e0bbf7631f	2025-10-07 03:46:36+00	2025-10-07 03:46:36+00	t
1ad5439e-639c-42c4-bb19-73bfd049f23b	Asphalt on Fiberboard and Iso	custom	a0056997-bc2e-424b-b769-ee0ef88a650b	2025-07-24 04:49:29+00	2025-07-24 04:49:29+00	t
1c7b06a9-9d4b-4996-960d-b463b0f98aca	Custom Material 0010	custom	d1186d22-54ae-4890-9bee-d5e0bbf7631f	2025-10-15 07:58:59+00	2025-10-15 07:58:59+00	t
1c7fe10f-db19-4e65-837f-983807db0d33	new asbestos material	custom	d1186d22-54ae-4890-9bee-d5e0bbf7631f	2025-10-14 09:58:59+00	2025-10-14 09:58:59+00	t
1e9d7b39-01e8-4970-9155-29b6143f467b	12"x12" vinyl floor tile - pale with white streak	custom	a0056997-bc2e-424b-b769-ee0ef88a650b	2025-07-24 04:53:52+00	2025-07-24 04:53:52+00	t
22a99944-0ed3-4fe9-b440-5474322ba1db	vapour in HID lamps	custom	dbfdab21-46fe-4592-91a1-ef87515f0558	2025-07-29 15:34:06+00	2025-07-29 15:34:06+00	t
240ba30f-10bb-4c4a-8a59-c248b93d9922	12"x12" vinyl floor tile - light blue with light and dark speck	custom	a0056997-bc2e-424b-b769-ee0ef88a650b	2025-07-24 04:57:49+00	2025-07-24 04:57:49+00	t
24d2c7fa-e577-49c0-ab0e-2f8ab501cf70	Ceramic Wall Tile Grout	custom	d1186d22-54ae-4890-9bee-d5e0bbf7631f	2025-10-27 06:37:13+00	2025-10-27 06:37:13+00	t
24e6d23a-66a2-4eca-9946-1bf0b96d88bb	Test material 6	custom	d1186d22-54ae-4890-9bee-d5e0bbf7631f	2025-10-07 04:37:25+00	2025-10-07 04:37:25+00	t
26f691ec-d25a-443f-ade9-b9c6677f19c8	Test material 5	custom	d1186d22-54ae-4890-9bee-d5e0bbf7631f	2025-10-07 04:37:03+00	2025-10-07 04:37:03+00	t
2e1c47c2-191d-45eb-8813-c7e767423923	liquid in thermostats	custom	dbfdab21-46fe-4592-91a1-ef87515f0558	2025-07-29 15:36:17+00	2025-07-29 15:36:17+00	t
30cd51fd-5916-4ee8-ac51-f622857eb0e1	Texture Coat	custom	d1186d22-54ae-4890-9bee-d5e0bbf7631f	2025-10-27 07:12:50+00	2025-10-27 07:12:50+00	t
30e0ef2e-0fdc-4051-983d-c59ae6612ea0	Window Frame Caulking	custom	d1186d22-54ae-4890-9bee-d5e0bbf7631f	2025-10-27 05:58:51+00	2025-10-27 05:58:51+00	t
43c36727-8edf-46fe-b230-e862a800cc51	Asphalt on Vapor Barrier	custom	a0056997-bc2e-424b-b769-ee0ef88a650b	2025-07-24 05:13:07+00	2025-07-24 05:13:07+00	t
490a9e35-8a7b-4655-bf2f-fe513ac95b97	12"x12" vinyl floor tile - white speck	custom	a0056997-bc2e-424b-b769-ee0ef88a650b	2025-07-24 04:57:38+00	2025-07-24 04:57:38+00	t
4a35d06c-7ba3-4a8e-acb4-232a05b12a79	Drywall	custom	579f18c9-c7a6-4dcb-b84c-4f520e990f6c	2025-09-16 16:26:18+00	2025-09-16 16:26:18+00	t
50f11da1-b3b9-4772-824e-5ba9ddf4d954	Custome 00001	custom	a0056997-bc2e-424b-b769-ee0ef88a650b	2025-10-27 10:49:49+00	2025-10-27 10:49:49+00	t
50fac7f0-c79d-402c-a065-bf8aad70ac80	new material	custom	d1186d22-54ae-4890-9bee-d5e0bbf7631f	2025-10-27 05:42:44+00	2025-10-27 05:43:49+00	f
5156f7b7-92de-4d11-9a0d-04ffe3c6a13a	Vapour Barrier	custom	a0056997-bc2e-424b-b769-ee0ef88a650b	2025-07-24 04:51:09+00	2025-07-24 04:51:09+00	t
5188c261-3c27-4598-88ca-56cc02c2fa9d	12"x12" vinyl floor tile - green	custom	a0056997-bc2e-424b-b769-ee0ef88a650b	2025-07-24 04:55:25+00	2025-07-24 04:55:25+00	t
53297132-69f0-439c-8bc1-50b194330c84	Mastic Behind Particle Board	custom	a0056997-bc2e-424b-b769-ee0ef88a650b	2025-07-24 07:19:25+00	2025-07-24 07:19:25+00	t
550e8400-e29b-41d4-a716-446655440001	Sprayed Fireproofing	standard	a0056997-bc2e-424b-b769-ee0ef88a650b	2025-07-24 09:06:36+00	2025-07-24 09:06:36+00	t
550e8400-e29b-41d4-a716-446655440002	Blown Insulation	standard	a0056997-bc2e-424b-b769-ee0ef88a650b	2025-07-24 09:06:36+00	2025-07-24 09:06:36+00	t
550e8400-e29b-41d4-a716-446655440003	Loose Fill / Vermiculite Insulation	standard	a0056997-bc2e-424b-b769-ee0ef88a650b	2025-07-24 09:06:36+00	2025-07-24 09:06:36+00	t
550e8400-e29b-41d4-a716-446655440004	Mechanical Pipe Insulation – Straights	standard	a0056997-bc2e-424b-b769-ee0ef88a650b	2025-07-24 09:06:36+00	2025-07-24 09:06:36+00	t
550e8400-e29b-41d4-a716-446655440005	Mechanical Pipe Insulation – Fittings	standard	a0056997-bc2e-424b-b769-ee0ef88a650b	2025-07-24 09:06:36+00	2025-07-24 09:06:36+00	t
550e8400-e29b-41d4-a716-446655440006	HVAC Duct Insulation	standard	a0056997-bc2e-424b-b769-ee0ef88a650b	2025-07-24 09:06:36+00	2025-07-24 09:06:36+00	t
550e8400-e29b-41d4-a716-446655440007	Breeching / Exhaust Insulation	standard	a0056997-bc2e-424b-b769-ee0ef88a650b	2025-07-24 09:06:36+00	2025-07-24 09:06:36+00	t
550e8400-e29b-41d4-a716-446655440008	Tank Insulation	standard	a0056997-bc2e-424b-b769-ee0ef88a650b	2025-07-24 09:06:36+00	2025-07-24 09:06:36+00	t
550e8400-e29b-41d4-a716-446655440009	Boiler Insulation	standard	a0056997-bc2e-424b-b769-ee0ef88a650b	2025-07-24 09:06:36+00	2025-07-24 09:06:36+00	t
550e8400-e29b-41d4-a716-446655440010	Other Mechanical Equipment Insulation	standard	a0056997-bc2e-424b-b769-ee0ef88a650b	2025-07-24 09:06:36+00	2025-07-24 09:06:36+00	t
550e8400-e29b-41d4-a716-446655440011	Sprayed Texture / Stucco Finishes	standard	a0056997-bc2e-424b-b769-ee0ef88a650b	2025-07-24 09:06:36+00	2025-07-24 09:06:36+00	t
550e8400-e29b-41d4-a716-446655440012	Plaster Finishes	standard	a0056997-bc2e-424b-b769-ee0ef88a650b	2025-07-24 09:06:36+00	2025-07-24 09:06:36+00	t
550e8400-e29b-41d4-a716-446655440013	Drywall Joint Compound	standard	a0056997-bc2e-424b-b769-ee0ef88a650b	2025-07-24 09:06:36+00	2025-07-24 09:06:36+00	t
550e8400-e29b-41d4-a716-446655440014	Lay-in Acoustic Ceiling Tiles	standard	a0056997-bc2e-424b-b769-ee0ef88a650b	2025-07-24 09:06:36+00	2025-07-24 09:06:36+00	t
550e8400-e29b-41d4-a716-446655440015	Glued-on Acoustic Ceiling Tiles	standard	a0056997-bc2e-424b-b769-ee0ef88a650b	2025-07-24 09:06:36+00	2025-07-24 09:06:36+00	t
550e8400-e29b-41d4-a716-446655440016	Cement Ceiling Panels	standard	a0056997-bc2e-424b-b769-ee0ef88a650b	2025-07-24 09:06:36+00	2025-07-24 09:06:36+00	t
550e8400-e29b-41d4-a716-446655440017	Vinyl Floor Tiles	standard	a0056997-bc2e-424b-b769-ee0ef88a650b	2025-07-24 09:06:36+00	2025-07-24 09:06:36+00	t
550e8400-e29b-41d4-a716-446655440018	Vinyl Sheet Flooring	standard	a0056997-bc2e-424b-b769-ee0ef88a650b	2025-07-24 09:06:36+00	2025-07-24 09:06:36+00	t
550e8400-e29b-41d4-a716-446655440019	Mastic (Flooring)	standard	a0056997-bc2e-424b-b769-ee0ef88a650b	2025-07-24 09:06:36+00	2025-07-24 09:06:36+00	t
550e8400-e29b-41d4-a716-446655440020	Asbestos Cement Piping	standard	a0056997-bc2e-424b-b769-ee0ef88a650b	2025-07-24 09:06:36+00	2025-07-24 09:06:36+00	t
550e8400-e29b-41d4-a716-446655440021	Asbestos Cement Roofing, Siding, Wallboard	standard	a0056997-bc2e-424b-b769-ee0ef88a650b	2025-07-24 09:06:36+00	2025-07-24 09:06:36+00	t
550e8400-e29b-41d4-a716-446655440022	Other Cement Products (Asbestos Cement)	standard	a0056997-bc2e-424b-b769-ee0ef88a650b	2025-07-24 09:06:36+00	2025-07-24 09:06:36+00	t
550e8400-e29b-41d4-a716-446655440023	Exterior Building Caulking	standard	a0056997-bc2e-424b-b769-ee0ef88a650b	2025-07-24 09:06:36+00	2025-07-24 09:06:36+00	t
550e8400-e29b-41d4-a716-446655440024	Exterior Building Shingles	standard	a0056997-bc2e-424b-b769-ee0ef88a650b	2025-07-24 09:06:36+00	2025-07-24 09:06:36+00	t
550e8400-e29b-41d4-a716-446655440025	Exterior Building Roof Membrane	standard	a0056997-bc2e-424b-b769-ee0ef88a650b	2025-07-24 09:06:36+00	2025-07-24 09:06:36+00	t
550e8400-e29b-41d4-a716-446655440026	Miscellaneous Mastic	standard	a0056997-bc2e-424b-b769-ee0ef88a650b	2025-07-24 09:06:36+00	2025-07-24 09:06:36+00	t
550e8400-e29b-41d4-a716-446655440027	Paints and Surface Coatings	standard	a0056997-bc2e-424b-b769-ee0ef88a650b	2025-07-25 10:35:14+00	2025-07-25 10:35:14+00	t
550e8400-e29b-41d4-a716-446655440028	Glazing associated with Ceramic Tiles	standard	a0056997-bc2e-424b-b769-ee0ef88a650b	2025-07-25 10:35:14+00	2025-07-25 10:35:14+00	t
550e8400-e29b-41d4-a716-446655440029	Batteries associated with Emergency Lighting	standard	a0056997-bc2e-424b-b769-ee0ef88a650b	2025-07-25 10:35:14+00	2025-07-25 10:35:14+00	t
550e8400-e29b-41d4-a716-446655440030	Batteries associated with Emergency Generator	standard	a0056997-bc2e-424b-b769-ee0ef88a650b	2025-07-25 10:35:14+00	2025-07-25 10:35:14+00	t
550e8400-e29b-41d4-a716-446655440031	Solder in Copper Pipe Fittings	standard	a0056997-bc2e-424b-b769-ee0ef88a650b	2025-07-25 10:35:14+00	2025-07-25 10:35:14+00	t
550e8400-e29b-41d4-a716-446655440032	Solder in Electrical Components	standard	a0056997-bc2e-424b-b769-ee0ef88a650b	2025-07-25 10:35:14+00	2025-07-25 10:35:14+00	t
55df010b-baa0-49ec-a334-dcb8559f2f36	Glazing, black	custom	579f18c9-c7a6-4dcb-b84c-4f520e990f6c	2025-09-16 16:44:52+00	2025-09-16 16:44:52+00	t
56d53990-4b1e-4e0b-98f6-09b629a43987	refractory associated with the boiler	custom	dbfdab21-46fe-4592-91a1-ef87515f0558	2025-07-29 16:11:28+00	2025-07-29 16:11:28+00	t
58218c9f-d071-47b6-b164-b454bd958dba	Barometers	custom	a0056997-bc2e-424b-b769-ee0ef88a650b	2025-07-28 11:36:16+00	2025-07-28 11:36:16+00	t
5a30ee1d-72ee-43b4-b65d-75a5f9f29405	Window Pane Putty	custom	d1186d22-54ae-4890-9bee-d5e0bbf7631f	2025-10-27 06:34:20+00	2025-10-27 06:34:20+00	t
64767570-e962-4cd1-8eeb-5b7fa07db6a2	Custom Material 001	custom	d1186d22-54ae-4890-9bee-d5e0bbf7631f	2025-10-15 06:26:38+00	2025-10-15 06:26:38+00	t
66d0ce75-8c66-40a1-a396-f9b8892219dc	Metal	custom	fe0caa60-2de1-45b7-8ac8-049a192277f2	2025-10-07 18:37:16+00	2025-10-07 18:37:16+00	t
67f3e3af-4c1d-4855-ae21-38818ff76403	12"x12" vinyl floor tile - light grey with light and dark speck	custom	a0056997-bc2e-424b-b769-ee0ef88a650b	2025-07-24 04:55:58+00	2025-07-24 04:55:58+00	t
68f08d1b-2997-44d9-b065-a03031cb9980	2'x4' ceiling tile -  fissure on 2' with pinhole (white)	custom	a0056997-bc2e-424b-b769-ee0ef88a650b	2025-07-24 04:56:19+00	2025-07-24 04:56:19+00	t
6b0a2fcc-b360-4b01-96a6-fbfb5bc51762	concrete	custom	dbfdab21-46fe-4592-91a1-ef87515f0558	2025-07-29 16:10:40+00	2025-07-29 16:10:40+00	t
6d83a819-811e-4cad-802c-b8020152e041	Mortar	custom	d1186d22-54ae-4890-9bee-d5e0bbf7631f	2025-10-27 07:12:33+00	2025-10-27 07:12:33+00	t
71f445f9-9143-4377-994a-1b884bdcd929	Custom Material 004	custom	d1186d22-54ae-4890-9bee-d5e0bbf7631f	2025-10-15 07:00:52+00	2025-10-15 07:00:52+00	t
7478db00-8177-4a18-9a82-beae0ccb2f7b	12"x12" vinyl floor tile - off-white with tan swivel	custom	a0056997-bc2e-424b-b769-ee0ef88a650b	2025-07-24 06:56:50+00	2025-07-24 06:56:50+00	t
75bd6349-0265-494a-a595-2708ec20745e	White Caulking	custom	a0056997-bc2e-424b-b769-ee0ef88a650b	2025-07-24 07:01:59+00	2025-07-24 07:01:59+00	t
7b1d2cdd-7af8-49e1-94aa-b906ab95e0c1	12"x12" vinyl floor tile - purple blue	custom	a0056997-bc2e-424b-b769-ee0ef88a650b	2025-07-24 04:56:46+00	2025-07-24 04:56:46+00	t
7bf2d145-3f63-4b99-89dc-e867a3c6f825	Textured Plaster Ceiling	custom	d1186d22-54ae-4890-9bee-d5e0bbf7631f	2025-10-27 05:20:04+00	2025-10-27 05:20:04+00	t
844bc620-ada2-43e9-9471-6d850754f8d2	Glazing, Silicone	custom	579f18c9-c7a6-4dcb-b84c-4f520e990f6c	2025-09-16 16:20:35+00	2025-09-16 16:20:35+00	t
84ff6546-5ed3-4260-b2de-6d1f414fb1b8	2'x4' ceiling tile -  fissure on 2' with pinhole (beige)	custom	a0056997-bc2e-424b-b769-ee0ef88a650b	2025-07-24 04:55:54+00	2025-07-24 04:55:54+00	t
85905e18-4bea-4cca-96c6-fc8e37fea483	Stone Grout	custom	d1186d22-54ae-4890-9bee-d5e0bbf7631f	2025-10-27 06:39:02+00	2025-10-27 06:39:02+00	t
8c569d6f-8c72-4d68-9575-cfe24c5fd34f	Material 4	custom	d1186d22-54ae-4890-9bee-d5e0bbf7631f	2025-10-07 04:35:52+00	2025-10-07 04:35:52+00	t
8dd4b8f8-7f28-44c3-9333-16eff1551883	12"x12" vinyl floor tile - tan with light and dark speck	custom	a0056997-bc2e-424b-b769-ee0ef88a650b	2025-07-24 04:54:19+00	2025-07-24 04:54:19+00	t
8e8cba20-5121-4422-ae5b-46ecfb2eea04	Custom 123	custom	d1186d22-54ae-4890-9bee-d5e0bbf7631f	2025-10-07 06:36:37+00	2025-10-07 06:36:37+00	t
91247990-b2b5-470c-a757-eebf331c2abd	Concrete Block Wall	custom	d1186d22-54ae-4890-9bee-d5e0bbf7631f	2025-10-27 06:57:49+00	2025-10-27 06:57:49+00	t
92510030-b4a6-4aee-a8fd-bd7876952b05	Custom Material 002	custom	d1186d22-54ae-4890-9bee-d5e0bbf7631f	2025-10-15 06:31:09+00	2025-10-15 06:31:09+00	t
96f73a40-4cc7-4b7e-bc93-0cff8d9b13a6	Window Pane Caulking	custom	d1186d22-54ae-4890-9bee-d5e0bbf7631f	2025-10-27 06:02:08+00	2025-10-27 06:02:08+00	t
9a956a70-bc62-49a7-8a61-42af7834fedc	thermometers associated with the boiler	custom	dbfdab21-46fe-4592-91a1-ef87515f0558	2025-07-29 15:36:40+00	2025-07-29 15:36:40+00	t
9b31ec37-63e6-49a8-b49e-18df9b589ffe	12"x12" vinyl floor tile - off-white with brown speck	custom	a0056997-bc2e-424b-b769-ee0ef88a650b	2025-07-24 04:58:08+00	2025-07-24 04:58:08+00	t
9c24b3a9-c314-4b89-9fc6-41bb4de5eac3	Brown Caulking on Exhaust	custom	a0056997-bc2e-424b-b769-ee0ef88a650b	2025-07-24 07:00:04+00	2025-07-24 07:00:04+00	t
9c404abb-6390-4bca-a354-a72b07dc59f0	Paint, Grey	custom	579f18c9-c7a6-4dcb-b84c-4f520e990f6c	2025-09-16 16:24:28+00	2025-09-16 16:24:28+00	t
a1913a2c-0eaf-4103-8eb0-f6e8169a6259	Fibreglass Duct Insulation	custom	579f18c9-c7a6-4dcb-b84c-4f520e990f6c	2025-09-16 16:21:57+00	2025-09-16 16:21:57+00	t
a1c43be9-64d9-48f6-871a-12da1838493f	Stone Finish	custom	a0056997-bc2e-424b-b769-ee0ef88a650b	2025-07-24 05:13:12+00	2025-07-24 05:13:12+00	t
a265a8e6-6030-45c6-8f2b-fed55b07768b	Other Material 1	custom	d1186d22-54ae-4890-9bee-d5e0bbf7631f	2025-10-06 11:15:54+00	2025-10-06 11:15:54+00	t
ad6a7ff5-3575-4943-8536-aa712f6369fa	Brick Mortar	custom	a0056997-bc2e-424b-b769-ee0ef88a650b	2025-07-24 05:13:16+00	2025-07-24 05:13:16+00	t
ae658b62-a64b-4176-b462-b80a6bdff551	Roof Felt	custom	a0056997-bc2e-424b-b769-ee0ef88a650b	2025-07-24 04:49:24+00	2025-07-24 04:49:24+00	t
af9768ef-4d29-4dc2-acd3-e85ec76a9a2b	thermometers associated with mechanical equipment	custom	dbfdab21-46fe-4592-91a1-ef87515f0558	2025-07-29 15:36:57+00	2025-07-29 15:36:57+00	t
afda1841-737a-44ac-b568-9ff501dd1b57	Silicone Caulking	custom	579f18c9-c7a6-4dcb-b84c-4f520e990f6c	2025-09-16 16:18:14+00	2025-09-16 16:18:14+00	t
b23cb169-1571-4ddb-a445-ecc5fc0debeb	Custom Material 2	custom	d1186d22-54ae-4890-9bee-d5e0bbf7631f	2025-10-06 11:45:53+00	2025-10-06 11:45:53+00	t
b27d1b54-06ec-4a31-913c-cd10a65ed143	vinyl sheet flooring - grey	custom	a0056997-bc2e-424b-b769-ee0ef88a650b	2025-07-24 04:57:34+00	2025-07-24 04:57:34+00	t
b2f0764d-fc93-4d32-8189-cdccd93d86ce	Test material 8	custom	d1186d22-54ae-4890-9bee-d5e0bbf7631f	2025-10-07 05:01:46+00	2025-10-07 05:01:46+00	t
b63137a8-050b-4acf-a85e-aa4a0651249f	Thinset	custom	d1186d22-54ae-4890-9bee-d5e0bbf7631f	2025-10-07 06:42:06+00	2025-10-07 06:42:06+00	t
bb612a3d-6bc2-43f3-9063-072cb6fd430a	Concrete Block Mortar	custom	a0056997-bc2e-424b-b769-ee0ef88a650b	2025-07-24 04:54:07+00	2025-07-24 04:54:07+00	t
bdb69c89-183e-4a9a-8cfc-9dfddd70c3fe	12"x12" vinyl floor tile - Navy Blue	custom	a0056997-bc2e-424b-b769-ee0ef88a650b	2025-07-24 04:56:34+00	2025-07-24 04:56:34+00	t
c0b1592b-b3c0-414c-996a-cfffaaa5f4cd	12"x12" vinyl floor tile - pink with light and dark speck	custom	a0056997-bc2e-424b-b769-ee0ef88a650b	2025-07-24 04:55:36+00	2025-07-24 04:55:36+00	t
c11d8d44-bf3c-4054-b19b-e9e17289395a	Grout	custom	d1186d22-54ae-4890-9bee-d5e0bbf7631f	2025-10-07 06:42:06+00	2025-10-07 06:42:06+00	t
c6b45c75-e769-41df-bc63-364427c3a099	Test123	custom	d1186d22-54ae-4890-9bee-d5e0bbf7631f	2025-10-06 11:14:23+00	2025-10-06 11:14:23+00	t
c6d6f17f-8af6-4c5c-b056-f44898909d3d	Custom Material 008	custom	d1186d22-54ae-4890-9bee-d5e0bbf7631f	2025-10-15 07:17:52+00	2025-10-15 07:17:52+00	t
c733fbcf-1197-44b4-bd0f-edc31b7a7f8b	Custom Material 007	custom	d1186d22-54ae-4890-9bee-d5e0bbf7631f	2025-10-15 07:17:52+00	2025-10-15 07:17:52+00	t
c7cbc6cd-6e4f-4cdc-a206-73591a78c72c	12"x12" vinyl floor tile - bluish green	custom	a0056997-bc2e-424b-b769-ee0ef88a650b	2025-07-24 04:56:56+00	2025-07-24 04:56:56+00	t
c84319fc-d06f-4005-abda-803e433d36cc	Red Caulking	custom	a0056997-bc2e-424b-b769-ee0ef88a650b	2025-07-24 07:11:01+00	2025-07-24 07:11:01+00	t
cb1402a2-d4f8-480b-8254-af8e05f8e3b7	Fibreglass Insulation	custom	fe0caa60-2de1-45b7-8ac8-049a192277f2	2025-10-07 18:38:53+00	2025-10-07 18:38:53+00	t
cc3dffbc-5cd0-4a83-a6f0-4d1011b7d7a6	new c101	custom	d1186d22-54ae-4890-9bee-d5e0bbf7631f	2025-10-15 08:45:24+00	2025-10-15 08:45:24+00	t
ccddba02-8936-4c78-807a-cbe8c1562e21	vapour in fluorescent lamps	custom	dbfdab21-46fe-4592-91a1-ef87515f0558	2025-07-29 15:33:34+00	2025-07-29 15:33:34+00	t
d0bd061b-75bd-4815-9ad9-08839b2c8a93	Carpet Mastic	custom	579f18c9-c7a6-4dcb-b84c-4f520e990f6c	2025-09-16 16:14:58+00	2025-09-16 16:14:58+00	t
d19ed294-bf17-41b8-b2e2-a0ef3356d638	Paint, Grey-Blue	custom	579f18c9-c7a6-4dcb-b84c-4f520e990f6c	2025-09-16 16:23:34+00	2025-09-16 16:23:34+00	t
d2c01081-d004-44b3-965c-3c10509af3e9	12"x12" vinyl floor tile - beige with thick brown streak	custom	a0056997-bc2e-424b-b769-ee0ef88a650b	2025-07-24 04:57:05+00	2025-07-24 04:57:05+00	t
d6c82c9a-451c-46a1-8bd7-d002861f5c19	Test Material 2	custom	d1186d22-54ae-4890-9bee-d5e0bbf7631f	2025-10-07 04:19:03+00	2025-10-07 04:19:03+00	t
d9de98dd-39a1-42cc-85da-8e714314065c	12"x12" vinyl floor tile - pale with pink streak	custom	a0056997-bc2e-424b-b769-ee0ef88a650b	2025-07-24 04:37:10+00	2025-07-24 04:37:10+00	t
dabeb286-27d0-4bdb-91aa-64dc9ad58ff1	Plaster	custom	d1186d22-54ae-4890-9bee-d5e0bbf7631f	2025-10-27 07:11:53+00	2025-10-27 07:11:53+00	t
ddb750f5-499d-4d00-9f3c-267c09426c72	Smooth Plaster Wall	custom	d1186d22-54ae-4890-9bee-d5e0bbf7631f	2025-10-27 07:01:30+00	2025-10-27 07:01:30+00	t
dea492b6-1c78-4f62-8c2c-a19ec37ec437	Custome 00002	custom	a0056997-bc2e-424b-b769-ee0ef88a650b	2025-10-27 10:50:33+00	2025-10-27 10:50:33+00	t
e05642b4-68c0-48e4-847d-d7a98dec6d9b	Custom Material 005	custom	d1186d22-54ae-4890-9bee-d5e0bbf7631f	2025-10-15 07:03:30+00	2025-10-15 07:03:30+00	t
e40e4f93-ca4a-4d6e-8ef5-546c5bd516a6	Transite Soffits	custom	a0056997-bc2e-424b-b769-ee0ef88a650b	2025-07-24 05:13:37+00	2025-07-24 05:13:37+00	t
e7a48527-d41b-44c3-ae22-349bff807147	Custom Material 009	custom	d1186d22-54ae-4890-9bee-d5e0bbf7631f	2025-10-15 07:58:53+00	2025-10-15 07:58:53+00	t
e8b6d0d8-abbd-4e53-a23a-3469dede6cd3	Custom Material 1	custom	d1186d22-54ae-4890-9bee-d5e0bbf7631f	2025-10-03 04:15:41+00	2025-10-03 04:15:41+00	t
ec8e0a2c-6b0a-436a-b4ae-1a33fc9cda4e	Thermostats	custom	a0056997-bc2e-424b-b769-ee0ef88a650b	2025-07-28 11:35:32+00	2025-07-28 11:35:32+00	t
ee0ab066-0a74-4e45-89cc-adaaec9fb1f7	Fascia Mortar	custom	d1186d22-54ae-4890-9bee-d5e0bbf7631f	2025-10-27 06:39:51+00	2025-10-27 06:39:51+00	t
ee143510-80d2-4d54-840c-d52cc6e3d688	Black Mastic on Vinyl Floor tiles	custom	a0056997-bc2e-424b-b769-ee0ef88a650b	2025-07-24 04:53:42+00	2025-07-24 04:53:42+00	t
f3db21cc-3276-42d0-bb08-f69d8ecfa402	Door/Window Frame Caulking	custom	d1186d22-54ae-4890-9bee-d5e0bbf7631f	2025-10-27 06:00:38+00	2025-10-27 06:00:38+00	t
f9a73a9f-572a-4c4c-9a65-053dd8520837	12"x12" vinyl floor tile - Yellow with white speck	custom	a0056997-bc2e-424b-b769-ee0ef88a650b	2025-07-24 04:54:28+00	2025-07-24 04:54:28+00	t
fbee17de-10a2-4c35-ae4c-f3b5c6cbb0da	12"x12" vinyl floor tile - tan with brown and white streak	custom	a0056997-bc2e-424b-b769-ee0ef88a650b	2025-07-24 04:54:46+00	2025-07-24 04:54:46+00	t
fcda14a0-d408-42b1-b6f7-84868d376fd0	Custom Material 006	custom	d1186d22-54ae-4890-9bee-d5e0bbf7631f	2025-10-15 07:15:11+00	2025-10-15 07:15:11+00	t
ff08c639-c022-4846-8499-db9025e515ce	12"x12" vinyl floor tile - yellow/beige with light and dark speck	custom	a0056997-bc2e-424b-b769-ee0ef88a650b	2025-07-24 04:57:17+00	2025-07-24 04:57:17+00	t
ff1d7cda-6a1a-4d56-a5b8-10228112c2dd	Ceramic Tile, 16x16 Matte Beige	custom	579f18c9-c7a6-4dcb-b84c-4f520e990f6c	2025-09-16 16:39:07+00	2025-09-16 16:39:07+00	t
51e80af1-f8e9-4065-b552-9354af1a2ef9	custom silicon material	standard	a0056997-bc2e-424b-b769-ee0ef88a650b	2025-11-05 08:16:54.646+00	2025-11-05 08:21:00.664+00	t
\.


--
-- Data for Name: password_reset_tokens; Type: TABLE DATA; Schema: public; Owner: neondb_owner
--

COPY public.password_reset_tokens (id, user_id, token, is_used, created_at, expires_at) FROM stdin;
\.


--
-- Data for Name: project_drawings; Type: TABLE DATA; Schema: public; Owner: neondb_owner
--

COPY public.project_drawings (id, project_id, file_name, file_url, is_marked, created_at, updated_at, deleted_at, created_by) FROM stdin;
\.


--
-- Data for Name: project_technicians; Type: TABLE DATA; Schema: public; Owner: neondb_owner
--

COPY public.project_technicians (created_at, updated_at, project_id, user_id) FROM stdin;
2025-09-15 09:34:24+00	2025-09-15 09:34:24+00	6546e74d-02b9-4d32-987a-13f0daa81289	d1186d22-54ae-4890-9bee-d5e0bbf7631f
2025-10-28 05:17:47+00	2025-10-28 05:17:47+00	6c43f9e0-7e8f-4c3e-a9e2-317fcab91388	fe0caa60-2de1-45b7-8ac8-049a192277f2
2025-09-23 09:02:30+00	2025-09-23 09:02:30+00	a6427955-c1fe-4d5c-81b0-fd39d0cc0328	d1186d22-54ae-4890-9bee-d5e0bbf7631f
2025-09-23 09:02:30+00	2025-09-23 09:02:30+00	e1c037e3-6d75-47d7-a62f-b17e79cbfcff	d1186d22-54ae-4890-9bee-d5e0bbf7631f
2025-10-28 06:15:37+00	2025-10-28 06:15:37+00	a6c7d60f-f782-4e5f-a3dc-719dccff2827	f023967f-8808-4fd8-9472-7887aa015958
2025-10-28 06:15:37+00	2025-10-28 06:15:37+00	a6c7d60f-f782-4e5f-a3dc-719dccff2827	fe0caa60-2de1-45b7-8ac8-049a192277f2
2025-09-18 08:57:50+00	2025-09-18 08:57:50+00	a2e2e055-37ac-4534-8205-47d2f75ad048	d1186d22-54ae-4890-9bee-d5e0bbf7631f
2025-09-16 16:10:10+00	2025-09-16 16:10:10+00	a6427955-c1fe-4d5c-81b0-fd39d0cc0328	fe0caa60-2de1-45b7-8ac8-049a192277f2
2025-09-23 09:02:30+00	2025-09-23 09:02:30+00	83542eed-1e98-4c23-a28d-62a7c12d4bd5	d1186d22-54ae-4890-9bee-d5e0bbf7631f
2025-09-18 08:58:32+00	2025-09-18 08:58:32+00	fd15d86e-6e2e-401d-b21a-8ca355d9a96d	d1186d22-54ae-4890-9bee-d5e0bbf7631f
2025-10-02 06:33:14+00	2025-10-02 06:33:14+00	bf27d459-425d-4d98-a9ba-db2e14d8bfeb	d1186d22-54ae-4890-9bee-d5e0bbf7631f
2025-10-28 08:18:38+00	2025-10-28 08:18:38+00	f1e5868f-56d3-49d6-a1cb-24731bebc340	f023967f-8808-4fd8-9472-7887aa015958
2025-09-23 09:02:30+00	2025-09-23 09:02:30+00	09517223-32d5-4e1e-b97c-e18d381f78c3	d1186d22-54ae-4890-9bee-d5e0bbf7631f
2025-10-16 05:05:36+00	2025-10-16 05:05:36+00	10056620-b87c-47e7-ac44-998970c75937	d1186d22-54ae-4890-9bee-d5e0bbf7631f
2025-09-23 09:02:30+00	2025-09-23 09:02:30+00	79094779-b28c-4e95-b030-5d8b74c3cdd9	d1186d22-54ae-4890-9bee-d5e0bbf7631f
2025-09-05 10:41:25+00	2025-09-05 10:41:25+00	83542eed-1e98-4c23-a28d-62a7c12d4bd5	51d110a8-dcc3-43ec-9028-5369ca240712
2025-09-05 10:41:25+00	2025-09-05 10:41:25+00	6546e74d-02b9-4d32-987a-13f0daa81289	7688b942-3aa6-4f9c-a828-06444a7e9c7f
2025-09-05 10:41:25+00	2025-09-05 10:41:25+00	09517223-32d5-4e1e-b97c-e18d381f78c3	b9c51709-aae4-487f-bd3d-6d0252b74496
2025-09-05 10:41:25+00	2025-09-05 10:41:25+00	79094779-b28c-4e95-b030-5d8b74c3cdd9	b9c51709-aae4-487f-bd3d-6d0252b74496
2025-09-05 10:41:25+00	2025-09-05 10:41:25+00	e1c037e3-6d75-47d7-a62f-b17e79cbfcff	b9c51709-aae4-487f-bd3d-6d0252b74496
2025-09-05 10:41:25+00	2025-09-05 10:41:25+00	7236a707-ec22-4634-a2e4-1d6c2c54fad4	d1186d22-54ae-4890-9bee-d5e0bbf7631f
2025-10-27 04:39:45+00	2025-10-27 04:39:45+00	cde36863-768d-4067-88d9-26e5057ea165	d1186d22-54ae-4890-9bee-d5e0bbf7631f
2025-11-04 12:36:24.575+00	2025-11-04 12:36:24.575+00	c56c5a91-5a05-4c59-a721-0ffe1b120e48	15de751d-6dbc-45b1-9757-72ea4be636bc
\.


--
-- Data for Name: projects; Type: TABLE DATA; Schema: public; Owner: neondb_owner
--

COPY public.projects (id, project_no, name, site_name, site_contact_name, site_contact_title, project_type, site_email, status, report_template_id, location_id, specific_location, pm_id, technician_id, customer_id, start_date, end_date, created_at, updated_at, deleted_at) FROM stdin;
09517223-32d5-4e1e-b97c-e18d381f78c3	65482	Hazardous Materials Assessment	Suburban Office Building	Jennifer Taylor	Site Administrator	\N	contact-suburban-office-building@example.com	In Progress	9bc0e9fc-a0e7-4037-89e8-f0202e827dcb	986a91ff-325a-42ab-98d6-84e6ec0e5403	Kitchen Area	a0056997-bc2e-424b-b769-ee0ef88a650b	b9c51709-aae4-487f-bd3d-6d0252b74496	75e33b5c-373c-4ee6-b0b3-1a988059abd5	2025-05-30 00:00:00+00	2025-09-05 00:00:00+00	2025-05-30 08:39:28+00	2025-07-15 08:35:30+00	2025-07-15 08:35:30+00
10056620-b87c-47e7-ac44-998970c75937	\N	Temp Project		Jennifer Taylor	Test	Renovations or Building Demolition	test@gmail.com	In Progress	9bc0e9fc-a0e7-4037-89e8-f0202e827dcb	986a91ff-325a-42ab-98d6-84e6ec0e5403	Test Location	7ab6970e-3cf5-4587-8a26-81e0e84823a3	d1186d22-54ae-4890-9bee-d5e0bbf7631f	75e33b5c-373c-4ee6-b0b3-1a988059abd5	2025-10-23 00:00:00+00	2025-10-16 00:00:00+00	2025-10-16 05:05:36+00	2025-10-16 05:06:36+00	2025-10-16 05:06:36+00
6546e74d-02b9-4d32-987a-13f0daa81289	\N	St. Matthias Catholic School Demolition		Jennifer Taylor	Site Administrator	Renovation	contact-suburban-office-building@example.com	In Progress	9bc0e9fc-a0e7-4037-89e8-f0202e827dcb	986a91ff-325a-42ab-98d6-84e6ec0e5403	Test Location	a0056997-bc2e-424b-b769-ee0ef88a650b	7688b942-3aa6-4f9c-a828-06444a7e9c7f	75e33b5c-373c-4ee6-b0b3-1a988059abd5	2025-07-14 00:00:00+00	2025-08-31 00:00:00+00	2025-07-15 08:37:35+00	2025-10-27 11:02:30+00	\N
6c43f9e0-7e8f-4c3e-a9e2-317fcab91388	96945	Test Project 1		Test Contact Name	Test Contact Title	Renovations or Building Demolition	ajay.g@crestinfosystems.com	In Progress	9bc0e9fc-a0e7-4037-89e8-f0202e827dcb	bba23178-0fbe-47f9-ad0a-16c6d0c8c850	Test Specific Location 	a0056997-bc2e-424b-b769-ee0ef88a650b	fe0caa60-2de1-45b7-8ac8-049a192277f2	891249b1-2e44-406a-a74a-d0f433c3d665	2025-10-28 00:00:00+00	2025-10-30 00:00:00+00	2025-10-28 05:17:47+00	2025-10-28 06:12:51+00	2025-10-28 06:12:51+00
7236a707-ec22-4634-a2e4-1d6c2c54fad4	\N	Demolition Project		James Williams	Business Owner	\N	contact-suburban-office-building@example.com	In Progress	9bc0e9fc-a0e7-4037-89e8-f0202e827dcb	986a91ff-325a-42ab-98d6-84e6ec0e5403	Building A Wing	a0056997-bc2e-424b-b769-ee0ef88a650b	d1186d22-54ae-4890-9bee-d5e0bbf7631f	75e33b5c-373c-4ee6-b0b3-1a988059abd5	2025-07-07 00:00:00+00	2025-07-11 00:00:00+00	2025-07-08 05:26:32+00	2025-07-15 09:12:45+00	2025-07-15 09:12:45+00
79094779-b28c-4e95-b030-5d8b74c3cdd9	\N	Fire Restoration - Recovery		Jennifer Taylor	Business Owner	\N	contact-suburban-residence@example.com	In Progress	9bc0e9fc-a0e7-4037-89e8-f0202e827dcb	11b825c6-d0eb-4abd-8f77-2f2cc87fcd80	Kitchen Area	a0056997-bc2e-424b-b769-ee0ef88a650b	b9c51709-aae4-487f-bd3d-6d0252b74496	fb5862c4-7b97-4da0-bc8b-19c58bab4975	2025-06-29 00:00:00+00	2025-07-04 00:00:00+00	2025-06-30 11:14:53+00	2025-06-30 11:15:37+00	2025-06-30 11:15:37+00
83542eed-1e98-4c23-a28d-62a7c12d4bd5	\N	SAFE-123		Site Contact	The Boss	\N	sitecontact@safetechenv.com	New	9bc0e9fc-a0e7-4037-89e8-f0202e827dcb	11b825c6-d0eb-4abd-8f77-2f2cc87fcd80	Primary Building	a0056997-bc2e-424b-b769-ee0ef88a650b	51d110a8-dcc3-43ec-9028-5369ca240712	fb5862c4-7b97-4da0-bc8b-19c58bab4975	2025-06-27 00:00:00+00	2025-07-01 00:00:00+00	2025-06-26 15:11:28+00	2025-07-15 09:13:23+00	2025-07-15 09:13:23+00
a2e2e055-37ac-4534-8205-47d2f75ad048	\N	New Project		Linda Brown	Facility Manager	Demolition	contact-suburban-residence@example.com	New	9bc0e9fc-a0e7-4037-89e8-f0202e827dcb	986a91ff-325a-42ab-98d6-84e6ec0e5403	E Block	a0056997-bc2e-424b-b769-ee0ef88a650b	d1186d22-54ae-4890-9bee-d5e0bbf7631f	75e33b5c-373c-4ee6-b0b3-1a988059abd5	2025-09-17 00:00:00+00	2025-09-30 00:00:00+00	2025-09-18 08:57:50+00	2025-09-18 09:19:19+00	2025-09-18 09:19:19+00
a6427955-c1fe-4d5c-81b0-fd39d0cc0328	\N	Interior test		James Green	Operations Manager	Renovation	jgreen@safetechenv.com	In Progress	9bc0e9fc-a0e7-4037-89e8-f0202e827dcb	5795cd6b-815f-4eb9-b7d1-70bf3e03a273	Project Specific	a0056997-bc2e-424b-b769-ee0ef88a650b	d1186d22-54ae-4890-9bee-d5e0bbf7631f	85aa6a6a-5b39-4b26-92b0-3a57499d2756	2025-09-16 00:00:00+00	2025-09-30 00:00:00+00	2025-09-16 16:10:10+00	2025-10-27 11:02:44+00	\N
a6c7d60f-f782-4e5f-a3dc-719dccff2827	70716	Test Project 11/431		Test Contact Name 1	Test Contact Title	Renovation	test@gmail.com	New	9bc0e9fc-a0e7-4037-89e8-f0202e827dcb	bba23178-0fbe-47f9-ad0a-16c6d0c8c850	Test Specific Location	a0056997-bc2e-424b-b769-ee0ef88a650b	f023967f-8808-4fd8-9472-7887aa015958	891249b1-2e44-406a-a74a-d0f433c3d665	2025-10-29 00:00:00+00	2025-10-31 00:00:00+00	2025-10-28 06:15:37+00	2025-10-28 08:17:01+00	2025-10-28 08:17:01+00
bf27d459-425d-4d98-a9ba-db2e14d8bfeb	\N	Test Project for Assessing via Mobile		Jennifer Taylor	Site Administrator	Renovations or Building Demolition	contact-suburban-office-building@example.com	In Progress	9bc0e9fc-a0e7-4037-89e8-f0202e827dcb	11b825c6-d0eb-4abd-8f77-2f2cc87fcd80	Test Location	a0056997-bc2e-424b-b769-ee0ef88a650b	d1186d22-54ae-4890-9bee-d5e0bbf7631f	fb5862c4-7b97-4da0-bc8b-19c58bab4975	2025-10-01 00:00:00+00	2026-01-02 00:00:00+00	2025-10-02 06:33:14+00	2025-10-28 10:08:26+00	\N
e1c037e3-6d75-47d7-a62f-b17e79cbfcff	\N	Fire Restoration - Recovery	Suburban Office Building	James Williams	Site Administrator	\N	contact-mountain-retail-store@example.com	New	9bc0e9fc-a0e7-4037-89e8-f0202e827dcb	986a91ff-325a-42ab-98d6-84e6ec0e5403	\N	a0056997-bc2e-424b-b769-ee0ef88a650b	b9c51709-aae4-487f-bd3d-6d0252b74496	75e33b5c-373c-4ee6-b0b3-1a988059abd5	2025-06-18 00:00:00+00	\N	2025-06-04 12:44:35+00	2025-06-04 12:46:54+00	2025-06-04 12:46:54+00
f1e5868f-56d3-49d6-a1cb-24731bebc340	32954	Test project 1/48		Test Contact Name	Test Contact Tile	Renovation	test@gmail.com	New	9bc0e9fc-a0e7-4037-89e8-f0202e827dcb	bba23178-0fbe-47f9-ad0a-16c6d0c8c850	Test Specific location	a0056997-bc2e-424b-b769-ee0ef88a650b	f023967f-8808-4fd8-9472-7887aa015958	891249b1-2e44-406a-a74a-d0f433c3d665	2025-10-30 00:00:00+00	2025-10-31 00:00:00+00	2025-10-28 08:18:38+00	2025-10-28 08:18:46+00	2025-10-28 08:18:46+00
fd15d86e-6e2e-401d-b21a-8ca355d9a96d	\N	Fire Restoration - Recovery		Mary Brown	Resident	Renovations or Building Demolition	contact-lakeside-apartment-complex@example.com	PM Review	9bc0e9fc-a0e7-4037-89e8-f0202e827dcb	683d95bf-59b0-48ef-89db-72f2ddb9a562	E Block	a0056997-bc2e-424b-b769-ee0ef88a650b	d1186d22-54ae-4890-9bee-d5e0bbf7631f	fb5862c4-7b97-4da0-bc8b-19c58bab4975	2025-09-17 00:00:00+00	2025-10-03 00:00:00+00	2025-09-18 08:58:32+00	2025-09-18 09:19:25+00	2025-09-18 09:19:25+00
cde36863-768d-4067-88d9-26e5057ea165	68742	Window Replacement Project (Phase 1)		Faisal Bangash	MSC, PEng, CIPM, Project Manager	Renovation	chris.Contact@dastech.ca	In Progress	9bc0e9fc-a0e7-4037-89e8-f0202e827dcb	5235ba92-ae04-4b98-83da-a0eb6d578110	SpecificLocation	a0056997-bc2e-424b-b769-ee0ef88a650b	d1186d22-54ae-4890-9bee-d5e0bbf7631f	fbe595e2-a560-4bdb-bcbc-dbcee3e14d11	2025-10-27 00:00:00+00	2025-10-31 00:00:00+00	2025-10-27 04:39:45+00	2025-11-03 10:37:18.414+00	\N
c56c5a91-5a05-4c59-a721-0ffe1b120e48	48403	Hall Renovation		James Williams	Property Manager	Renovation	contact-suburban-residence@example.com	In Progress	9bc0e9fc-a0e7-4037-89e8-f0202e827dcb	986a91ff-325a-42ab-98d6-84e6ec0e5403	Test Location	a0056997-bc2e-424b-b769-ee0ef88a650b	15de751d-6dbc-45b1-9757-72ea4be636bc	75e33b5c-373c-4ee6-b0b3-1a988059abd5	2025-11-03 00:00:00+00	2025-12-05 00:00:00+00	2025-11-04 12:36:23.438+00	2025-11-06 11:15:38.661+00	\N
\.


--
-- Data for Name: report_templates; Type: TABLE DATA; Schema: public; Owner: neondb_owner
--

COPY public.report_templates (id, name, schema, status, created_at, updated_at) FROM stdin;
9bc0e9fc-a0e7-4037-89e8-f0202e827dcb	Designated Substances and Hazardous Materials Assessment Report	"{\\"sections\\":[{\\"title\\":\\"Client Information\\",\\"fields\\":[{\\"id\\":\\"clientCompanyName\\",\\"type\\":\\"text\\",\\"label\\":\\"Client company name\\",\\"required\\":true},{\\"id\\":\\"clientAddress\\",\\"type\\":\\"text\\",\\"label\\":\\"Client address\\",\\"required\\":true},{\\"id\\":\\"contactName\\",\\"type\\":\\"text\\",\\"label\\":\\"Contact name\\",\\"required\\":true},{\\"id\\":\\"contactPosition\\",\\"type\\":\\"text\\",\\"label\\":\\"Contact position\\",\\"required\\":true}]},{\\"title\\":\\"Project Information\\",\\"fields\\":[{\\"id\\":\\"projectAddress\\",\\"type\\":\\"text\\",\\"label\\":\\"Project address\\",\\"required\\":true},{\\"id\\":\\"specificLocation\\",\\"type\\":\\"text\\",\\"label\\":\\"Specific Location within project\\",\\"placeholder\\":\\"Kitchen or East Wing\\"},{\\"id\\":\\"projectName\\",\\"type\\":\\"text\\",\\"label\\":\\"Project name\\",\\"required\\":true,\\"placeholder\\":\\"Demolition Project\\"},{\\"id\\":\\"startDate\\",\\"type\\":\\"date\\",\\"label\\":\\"Estimated Start Date\\",\\"required\\":false},{\\"id\\":\\"endDate\\",\\"type\\":\\"date\\",\\"label\\":\\"Estimated End Date\\",\\"required\\":false},{\\"id\\":\\"technicianSignature\\",\\"type\\":\\"file\\",\\"label\\":\\"Technician signature\\",\\"required\\":true},{\\"id\\":\\"technicianName\\",\\"type\\":\\"text\\",\\"label\\":\\"Technician name\\",\\"required\\":true},{\\"id\\":\\"technicianTitle\\",\\"type\\":\\"text\\",\\"label\\":\\"Technician title\\",\\"required\\":true},{\\"id\\":\\"scopeOfWork\\",\\"type\\":\\"textarea\\",\\"label\\":\\"Scope Of Work\\",\\"required\\":true}]},{\\"title\\":\\"Inspection Details\\",\\"fields\\":[{\\"id\\":\\"inspectionDate\\",\\"type\\":\\"date\\",\\"label\\":\\"Date of on-site inspection\\",\\"required\\":true},{\\"id\\":\\"clientSiteContact\\",\\"type\\":\\"text\\",\\"label\\":\\"Client Site Contact\\",\\"placeholder\\":\\"Name and phone Number\\"}]},{\\"title\\":\\"Area Details\\",\\"fields\\":[{\\"id\\":\\"areaDetails\\",\\"type\\":\\"repeater\\",\\"label\\":\\"Area Details\\",\\"fields\\":[{\\"id\\":\\"roomPhoto\\",\\"type\\":\\"file\\",\\"label\\":\\"Area Photo\\",\\"required\\":false},{\\"id\\":\\"roomName\\",\\"type\\":\\"text\\",\\"label\\":\\"Area Name\\",\\"required\\":true},{\\"id\\":\\"roomDescription\\",\\"type\\":\\"text\\",\\"label\\":\\"Area Description\\",\\"required\\":true},{\\"id\\":\\"roomSqFt\\",\\"type\\":\\"number\\",\\"label\\":\\"Area Square Feet\\"}]},{\\"id\\":\\"areaAvailable\\",\\"type\\":\\"radio\\",\\"label\\":\\"Is area available to be reviewed?\\",\\"options\\":[\\"Yes\\",\\"No\\"]}]},{\\"title\\":\\"Asbestos Assessment \\",\\"fields\\":[{\\"id\\":\\"isAsbestosAssessed\\",\\"type\\":\\"radio\\",\\"label\\":\\"Is Asbestos being assessed?\\",\\"options\\":[\\"Yes\\",\\"No\\"]},{\\"id\\":\\"sprayedFireproofing\\",\\"type\\":\\"conditional\\",\\"label\\":\\"Sprayed and Loose Fill Insulating Materials: \\",\\"condition\\":\\"isAsbestosAssessed\\",\\"showWhen\\":\\"isAsbestosAssessed=Yes\\",\\"fields\\":[{\\"id\\":\\"hasSprayedFireproofing\\",\\"type\\":\\"radio\\",\\"label\\":\\"Sprayed Fireproofing?\\",\\"options\\":[\\"Yes\\",\\"No\\"]},{\\"id\\":\\"sprayedFireproofingLocationDetails\\",\\"type\\":\\"text\\",\\"label\\":\\"Location\\",\\"condition\\":\\"hasSprayedFireproofing\\",\\"showWhen\\":\\"hasSprayedFireproofing=Yes\\"},{\\"id\\":\\"sprayedFireproofingDescriptionDetails\\",\\"type\\":\\"text\\",\\"label\\":\\"Description\\",\\"condition\\":\\"hasSprayedFireproofing\\",\\"showWhen\\":\\"hasSprayedFireproofing=Yes\\"},{\\"id\\":\\"sprayedFireproofingPhoto\\",\\"type\\":\\"file\\",\\"label\\":\\"Photo\\",\\"condition\\":\\"hasSprayedFireproofing\\",\\"showWhen\\":\\"hasSprayedFireproofing=Yes\\"},{\\"id\\":\\"hasSprayedInsulation\\",\\"type\\":\\"radio\\",\\"label\\":\\"Blown Insulation?\\",\\"options\\":[\\"Yes\\",\\"No\\"]},{\\"id\\":\\"sprayedInsulationLocationDetails\\",\\"type\\":\\"text\\",\\"label\\":\\"Location\\",\\"condition\\":\\"hasSprayedInsulation\\",\\"showWhen\\":\\"hasSprayedInsulation=Yes\\"},{\\"id\\":\\"sprayedInsulationDescriptionDetails\\",\\"type\\":\\"text\\",\\"label\\":\\"Description\\",\\"condition\\":\\"hasSprayedInsulation\\",\\"showWhen\\":\\"hasSprayedInsulation=Yes\\"},{\\"id\\":\\"sprayedInsulationPhoto\\",\\"type\\":\\"file\\",\\"label\\":\\"Photo\\",\\"condition\\":\\"hasSprayedInsulation\\",\\"showWhen\\":\\"hasSprayedInsulation=Yes\\"},{\\"id\\":\\"haslooseFillOrvermiculiteInsulation\\",\\"type\\":\\"radio\\",\\"label\\":\\"Loose Fill / Vermiculite Insulation?\\",\\"options\\":[\\"Yes\\",\\"No\\"]},{\\"id\\":\\"haslooseFillOrvermiculiteInsulationLocationDetails\\",\\"type\\":\\"text\\",\\"label\\":\\"Location\\",\\"condition\\":\\"haslooseFillOrvermiculiteInsulationDetails\\",\\"showWhen\\":\\"haslooseFillOrvermiculiteInsulation=Yes\\"},{\\"id\\":\\"haslooseFillOrvermiculiteInsulationDescriptionDetails\\",\\"type\\":\\"text\\",\\"label\\":\\"Description\\",\\"condition\\":\\"haslooseFillOrvermiculiteInsulationDetails\\",\\"showWhen\\":\\"haslooseFillOrvermiculiteInsulation=Yes\\"},{\\"id\\":\\"haslooseFillOrvermiculiteInsulationPhoto\\",\\"type\\":\\"file\\",\\"label\\":\\"Photo\\",\\"condition\\":\\"haslooseFillOrvermiculiteInsulationDetails\\",\\"showWhen\\":\\"haslooseFillOrvermiculiteInsulation=Yes\\"}]},{\\"id\\":\\"mechanicalPipeInsulationStraights\\",\\"type\\":\\"conditional\\",\\"label\\":\\"Thermal System Insulation:\\",\\"condition\\":\\"isAsbestosAssessed\\",\\"showWhen\\":\\"isAsbestosAssessed=Yes\\",\\"fields\\":[{\\"id\\":\\"mechanicalPipeInsulationStraights\\",\\"type\\":\\"radio\\",\\"label\\":\\"Mechanical Pipe Insulation – Straights?\\",\\"options\\":[\\"Yes\\",\\"No\\"]},{\\"id\\":\\"mechanicalPipeInsulationStraightsLocationDetails\\",\\"type\\":\\"text\\",\\"label\\":\\"Location\\",\\"condition\\":\\"mechanicalPipeInsulationStraightsDetails\\",\\"showWhen\\":\\"mechanicalPipeInsulationStraights=Yes\\"},{\\"id\\":\\"mechanicalPipeInsulationStraightsDescriptionDetails\\",\\"type\\":\\"text\\",\\"label\\":\\"Description\\",\\"condition\\":\\"mechanicalPipeInsulationStraightsDetails\\",\\"showWhen\\":\\"mechanicalPipeInsulationStraights=Yes\\"},{\\"id\\":\\"mechanicalPipeInsulationStraightsPhoto\\",\\"type\\":\\"file\\",\\"label\\":\\"Photo\\",\\"condition\\":\\"mechanicalPipeInsulationStraightsDetails\\",\\"showWhen\\":\\"mechanicalPipeInsulationStraights=Yes\\"},{\\"id\\":\\"mechanicalPipeInsulationFittings\\",\\"type\\":\\"radio\\",\\"label\\":\\"Mechanical Pipe Insulation – Fittings (elbows, valves, tees, hangars, etc.)?\\",\\"options\\":[\\"Yes\\",\\"No\\"]},{\\"id\\":\\"mechanicalPipeInsulationFittingsLocationDetails\\",\\"type\\":\\"text\\",\\"label\\":\\"Location\\",\\"condition\\":\\"mechanicalPipeInsulationFittings\\",\\"showWhen\\":\\"mechanicalPipeInsulationFittings=Yes\\"},{\\"id\\":\\"mechanicalPipeInsulationFittingsDescriptionDetails\\",\\"type\\":\\"text\\",\\"label\\":\\"Description\\",\\"condition\\":\\"mechanicalPipeInsulationFittings\\",\\"showWhen\\":\\"mechanicalPipeInsulationFittings=Yes\\"},{\\"id\\":\\"mechanicalPipeInsulationFittingsPhoto\\",\\"type\\":\\"file\\",\\"label\\":\\"Photo\\",\\"condition\\":\\"mechanicalPipeInsulationFittings\\",\\"showWhen\\":\\"mechanicalPipeInsulationFittings=Yes\\"},{\\"id\\":\\"hvacDuctInsulation\\",\\"type\\":\\"radio\\",\\"label\\":\\"HVAC Duct Insulation?\\",\\"options\\":[\\"Yes\\",\\"No\\"]},{\\"id\\":\\"hvacDuctInsulationLocationDetails\\",\\"type\\":\\"text\\",\\"label\\":\\"Location\\",\\"condition\\":\\"hvacDuctInsulation\\",\\"showWhen\\":\\"hvacDuctInsulation=Yes\\"},{\\"id\\":\\"hvacDuctInsulationDescriptionDetails\\",\\"type\\":\\"text\\",\\"label\\":\\"Description\\",\\"condition\\":\\"hvacDuctInsulation\\",\\"showWhen\\":\\"hvacDuctInsulation=Yes\\"},{\\"id\\":\\"hvacDuctInsulationPhoto\\",\\"type\\":\\"file\\",\\"label\\":\\"Photo\\",\\"condition\\":\\"hvacDuctInsulation\\",\\"showWhen\\":\\"hvacDuctInsulation=Yes\\"},{\\"id\\":\\"breechingExhaustInsulation\\",\\"type\\":\\"radio\\",\\"label\\":\\"Breeching / Exhaust Insulation?\\",\\"options\\":[\\"Yes\\",\\"No\\"]},{\\"id\\":\\"breechingExhaustInsulationLocationDetails\\",\\"type\\":\\"text\\",\\"label\\":\\"Location\\",\\"showWhen\\":\\"breechingExhaustInsulation=Yes\\"},{\\"id\\":\\"breechingExhaustInsulationDescriptionDetails\\",\\"type\\":\\"text\\",\\"label\\":\\"Description\\",\\"showWhen\\":\\"breechingExhaustInsulation=Yes\\"},{\\"id\\":\\"breechingExhaustInsulationPhoto\\",\\"type\\":\\"file\\",\\"label\\":\\"Photo\\",\\"showWhen\\":\\"breechingExhaustInsulation=Yes\\"},{\\"id\\":\\"tankInsulation\\",\\"type\\":\\"radio\\",\\"label\\":\\"Tank Insulation?\\",\\"options\\":[\\"Yes\\",\\"No\\"]},{\\"id\\":\\"tankInsulationLocationDetails\\",\\"type\\":\\"text\\",\\"label\\":\\"Location\\",\\"showWhen\\":\\"tankInsulation=Yes\\"},{\\"id\\":\\"tankInsulationDescriptionDetails\\",\\"type\\":\\"text\\",\\"label\\":\\"Description\\",\\"showWhen\\":\\"tankInsulation=Yes\\"},{\\"id\\":\\"tankInsulationPhoto\\",\\"type\\":\\"file\\",\\"label\\":\\"Photo\\",\\"showWhen\\":\\"tankInsulation=Yes\\"},{\\"id\\":\\"boilerInsulation\\",\\"type\\":\\"radio\\",\\"label\\":\\"Boiler Insulation?\\",\\"options\\":[\\"Yes\\",\\"No\\"]},{\\"id\\":\\"boilerInsulationLocationDetails\\",\\"type\\":\\"text\\",\\"label\\":\\"Location\\",\\"showWhen\\":\\"boilerInsulation=Yes\\"},{\\"id\\":\\"boilerInsulationDescriptionDetails\\",\\"type\\":\\"text\\",\\"label\\":\\"Description\\",\\"showWhen\\":\\"boilerInsulation=Yes\\"},{\\"id\\":\\"boilerInsulationPhoto\\",\\"type\\":\\"file\\",\\"label\\":\\"Photo\\",\\"showWhen\\":\\"boilerInsulation=Yes\\"},{\\"id\\":\\"otherMechanicalEquipmentInsulation\\",\\"type\\":\\"radio\\",\\"label\\":\\"Other Mechanical Equipment Insulation?\\",\\"options\\":[\\"Yes\\",\\"No\\"]},{\\"id\\":\\"otherMechanicalEquipmentInsulationLocationDetails\\",\\"type\\":\\"text\\",\\"label\\":\\"Location\\",\\"showWhen\\":\\"otherMechanicalEquipmentInsulation=Yes\\"},{\\"id\\":\\"otherMechanicalEquipmentInsulationDescriptionDetails\\",\\"type\\":\\"text\\",\\"label\\":\\"Description\\",\\"showWhen\\":\\"otherMechanicalEquipmentInsulation=Yes\\"},{\\"id\\":\\"otherMechanicalEquipmentInsulationPhoto\\",\\"type\\":\\"file\\",\\"label\\":\\"Photo\\",\\"showWhen\\":\\"otherMechanicalEquipmentInsulation=Yes\\"}]},{\\"id\\":\\"sprayedTextureStuccoFinishes\\",\\"type\\":\\"conditional\\",\\"label\\":\\"Architectural Finishes & Finishing Materials: \\",\\"condition\\":\\"isAsbestosAssessed\\",\\"showWhen\\":\\"isAsbestosAssessed=Yes\\",\\"fields\\":[{\\"id\\":\\"sprayedTextureStuccoFinishes\\",\\"type\\":\\"radio\\",\\"label\\":\\"Sprayed Texture / Stucco Finishes?\\",\\"options\\":[\\"Yes\\",\\"No\\"]},{\\"id\\":\\"sprayedTextureStuccoFinishesLocationDetails\\",\\"type\\":\\"text\\",\\"label\\":\\"Location\\",\\"showWhen\\":\\"sprayedTextureStuccoFinishes=Yes\\"},{\\"id\\":\\"sprayedTextureStuccoFinishesDescriptionDetails\\",\\"type\\":\\"text\\",\\"label\\":\\"Description\\",\\"showWhen\\":\\"sprayedTextureStuccoFinishes=Yes\\"},{\\"id\\":\\"sprayedTextureStuccoFinishesPhoto\\",\\"type\\":\\"file\\",\\"label\\":\\"Photo\\",\\"showWhen\\":\\"sprayedTextureStuccoFinishes=Yes\\"},{\\"id\\":\\"plasterFinishes\\",\\"type\\":\\"radio\\",\\"label\\":\\"Plaster Finishes?\\",\\"options\\":[\\"Yes\\",\\"No\\"]},{\\"id\\":\\"plasterFinishesLocationDetails\\",\\"type\\":\\"text\\",\\"label\\":\\"Location\\",\\"showWhen\\":\\"plasterFinishes=Yes\\"},{\\"id\\":\\"plasterFinishesDescriptionDetails\\",\\"type\\":\\"text\\",\\"label\\":\\"Description\\",\\"showWhen\\":\\"plasterFinishes=Yes\\"},{\\"id\\":\\"plasterFinishesPhoto\\",\\"type\\":\\"file\\",\\"label\\":\\"Photo\\",\\"showWhen\\":\\"plasterFinishes=Yes\\"},{\\"id\\":\\"drywallJointCompound\\",\\"type\\":\\"radio\\",\\"label\\":\\"Drywall Joint Compound?\\",\\"options\\":[\\"Yes\\",\\"No\\"]},{\\"id\\":\\"drywallJointCompoundLocationDetails\\",\\"type\\":\\"text\\",\\"label\\":\\"Location\\",\\"showWhen\\":\\"drywallJointCompound=Yes\\"},{\\"id\\":\\"drywallJointCompoundDescriptionDetails\\",\\"type\\":\\"text\\",\\"label\\":\\"Description\\",\\"showWhen\\":\\"drywallJointCompound=Yes\\"},{\\"id\\":\\"drywallJointCompoundPhoto\\",\\"type\\":\\"file\\",\\"label\\":\\"Photo\\",\\"showWhen\\":\\"drywallJointCompound=Yes\\"}]},{\\"id\\":\\"layInAcousticCeilingTiles\\",\\"type\\":\\"conditional\\",\\"label\\":\\"Ceiling Tiles:\\",\\"condition\\":\\"isAsbestosAssessed\\",\\"showWhen\\":\\"isAsbestosAssessed=Yes\\",\\"fields\\":[{\\"id\\":\\"layInAcousticCeilingTiles\\",\\"type\\":\\"radio\\",\\"label\\":\\"Lay-in Acoustic Ceiling Tiles?\\",\\"options\\":[\\"Yes\\",\\"No\\"]},{\\"id\\":\\"layInAcousticCeilingTilesLocationDetails\\",\\"type\\":\\"text\\",\\"label\\":\\"Location\\",\\"showWhen\\":\\"layInAcousticCeilingTiles=Yes\\"},{\\"id\\":\\"layInAcousticCeilingTilesDescriptionDetails\\",\\"type\\":\\"text\\",\\"label\\":\\"Description\\",\\"showWhen\\":\\"layInAcousticCeilingTiles=Yes\\"},{\\"id\\":\\"layInAcousticCeilingTilesPhoto\\",\\"type\\":\\"file\\",\\"label\\":\\"Photo\\",\\"showWhen\\":\\"layInAcousticCeilingTiles=Yes\\"},{\\"id\\":\\"gluedOnAcousticCeilingTiles\\",\\"type\\":\\"radio\\",\\"label\\":\\"Glued-on Acoustic Ceiling Tiles?\\",\\"options\\":[\\"Yes\\",\\"No\\"]},{\\"id\\":\\"gluedOnAcousticCeilingTilesLocationDetails\\",\\"type\\":\\"text\\",\\"label\\":\\"Location\\",\\"showWhen\\":\\"gluedOnAcousticCeilingTiles=Yes\\"},{\\"id\\":\\"gluedOnAcousticCeilingTilesDescriptionDetails\\",\\"type\\":\\"text\\",\\"label\\":\\"Description\\",\\"showWhen\\":\\"gluedOnAcousticCeilingTiles=Yes\\"},{\\"id\\":\\"gluedOnAcousticCeilingTilesPhoto\\",\\"type\\":\\"file\\",\\"label\\":\\"Photo\\",\\"showWhen\\":\\"gluedOnAcousticCeilingTiles=Yes\\"},{\\"id\\":\\"cementCeilingPanels\\",\\"type\\":\\"radio\\",\\"label\\":\\"Cement Ceiling Panels?\\",\\"options\\":[\\"Yes\\",\\"No\\"]},{\\"id\\":\\"cementCeilingPanelsLocationDetails\\",\\"type\\":\\"text\\",\\"label\\":\\"Location\\",\\"showWhen\\":\\"cementCeilingPanels=Yes\\"},{\\"id\\":\\"cementCeilingPanelsDescriptionDetails\\",\\"type\\":\\"text\\",\\"label\\":\\"Description\\",\\"showWhen\\":\\"cementCeilingPanels=Yes\\"},{\\"id\\":\\"cementCeilingPanelsPhoto\\",\\"type\\":\\"file\\",\\"label\\":\\"Photo\\",\\"showWhen\\":\\"cementCeilingPanels=Yes\\"}]},{\\"id\\":\\"vinylFloorTiles\\",\\"type\\":\\"conditional\\",\\"label\\":\\"Flooring\\",\\"condition\\":\\"isAsbestosAssessed\\",\\"showWhen\\":\\"isAsbestosAssessed=Yes\\",\\"fields\\":[{\\"id\\":\\"vinylFloorTiles\\",\\"type\\":\\"radio\\",\\"label\\":\\"Vinyl Floor Tiles?\\",\\"options\\":[\\"Yes\\",\\"No\\"]},{\\"id\\":\\"vinylFloorTilesLocationDetails\\",\\"type\\":\\"text\\",\\"label\\":\\"Location\\",\\"showWhen\\":\\"vinylFloorTiles=Yes\\"},{\\"id\\":\\"vinylFloorTilesDescriptionDetails\\",\\"type\\":\\"text\\",\\"label\\":\\"Description\\",\\"showWhen\\":\\"vinylFloorTiles=Yes\\"},{\\"id\\":\\"vinylFloorTilesPhoto\\",\\"type\\":\\"file\\",\\"label\\":\\"Photo\\",\\"showWhen\\":\\"vinylFloorTiles=Yes\\"},{\\"id\\":\\"vinylSheetFlooring\\",\\"type\\":\\"radio\\",\\"label\\":\\"Vinyl Sheet Flooring?\\",\\"options\\":[\\"Yes\\",\\"No\\"]},{\\"id\\":\\"vinylSheetFlooringLocationDetails\\",\\"type\\":\\"text\\",\\"label\\":\\"Location\\",\\"showWhen\\":\\"vinylSheetFlooring=Yes\\"},{\\"id\\":\\"vinylSheetFlooringDescriptionDetails\\",\\"type\\":\\"text\\",\\"label\\":\\"Description\\",\\"showWhen\\":\\"vinylSheetFlooring=Yes\\"},{\\"id\\":\\"vinylSheetFlooringPhoto\\",\\"type\\":\\"file\\",\\"label\\":\\"Photo\\",\\"showWhen\\":\\"vinylSheetFlooring=Yes\\"},{\\"id\\":\\"flooringMastic\\",\\"type\\":\\"radio\\",\\"label\\":\\"Mastic (Flooring)?\\",\\"options\\":[\\"Yes\\",\\"No\\"]},{\\"id\\":\\"flooringMasticLocationDetails\\",\\"type\\":\\"text\\",\\"label\\":\\"Location\\",\\"showWhen\\":\\"flooringMastic=Yes\\"},{\\"id\\":\\"flooringMasticDescriptionDetails\\",\\"type\\":\\"text\\",\\"label\\":\\"Description\\",\\"showWhen\\":\\"flooringMastic=Yes\\"},{\\"id\\":\\"flooringMasticPhoto\\",\\"type\\":\\"file\\",\\"label\\":\\"Photo\\",\\"showWhen\\":\\"flooringMastic=Yes\\"}]},{\\"id\\":\\"asbestosCementPiping\\",\\"type\\":\\"conditional\\",\\"label\\":\\"Asbestos Cement Products:\\",\\"condition\\":\\"isAsbestosAssessed\\",\\"showWhen\\":\\"isAsbestosAssessed=Yes\\",\\"fields\\":[{\\"id\\":\\"asbestosCementPiping\\",\\"type\\":\\"radio\\",\\"label\\":\\"Asbestos Cement Piping?\\",\\"options\\":[\\"Yes\\",\\"No\\"]},{\\"id\\":\\"asbestosCementPipingLocationDetails\\",\\"type\\":\\"text\\",\\"label\\":\\"Location\\",\\"showWhen\\":\\"asbestosCementPiping=Yes\\"},{\\"id\\":\\"asbestosCementPipingDescriptionDetails\\",\\"type\\":\\"text\\",\\"label\\":\\"Description\\",\\"showWhen\\":\\"asbestosCementPiping=Yes\\"},{\\"id\\":\\"asbestosCementPipingPhoto\\",\\"type\\":\\"file\\",\\"label\\":\\"Photo\\",\\"showWhen\\":\\"asbestosCementPiping=Yes\\"},{\\"id\\":\\"asbestosCementRoofingSidingWallboard\\",\\"type\\":\\"radio\\",\\"label\\":\\"Asbestos Cement Roofing, Siding, Wallboard?\\",\\"options\\":[\\"Yes\\",\\"No\\"]},{\\"id\\":\\"asbestosCementRoofingSidingWallboardLocationDetails\\",\\"type\\":\\"text\\",\\"label\\":\\"Location\\",\\"showWhen\\":\\"asbestosCementRoofingSidingWallboard=Yes\\"},{\\"id\\":\\"asbestosCementRoofingSidingWallboardDescriptionDetails\\",\\"type\\":\\"text\\",\\"label\\":\\"Description\\",\\"showWhen\\":\\"asbestosCementRoofingSidingWallboard=Yes\\"},{\\"id\\":\\"asbestosCementRoofingSidingWallboardPhoto\\",\\"type\\":\\"file\\",\\"label\\":\\"Photo\\",\\"showWhen\\":\\"asbestosCementRoofingSidingWallboard=Yes\\"},{\\"id\\":\\"otherAsbestosCementProducts\\",\\"type\\":\\"radio\\",\\"label\\":\\"Other Cement Products (Asbestos Cement)?\\",\\"options\\":[\\"Yes\\",\\"No\\"]},{\\"id\\":\\"otherAsbestosCementProductsLocationDetails\\",\\"type\\":\\"text\\",\\"label\\":\\"Location\\",\\"showWhen\\":\\"otherAsbestosCementProducts=Yes\\"},{\\"id\\":\\"otherAsbestosCementProductsDescriptionDetails\\",\\"type\\":\\"text\\",\\"label\\":\\"Description\\",\\"showWhen\\":\\"otherAsbestosCementProducts=Yes\\"},{\\"id\\":\\"otherAsbestosCementProductsPhoto\\",\\"type\\":\\"file\\",\\"label\\":\\"Photo\\",\\"showWhen\\":\\"otherAsbestosCementProducts=Yes\\"}]},{\\"id\\":\\"exteriorBuildingCaulking\\",\\"type\\":\\"conditional\\",\\"label\\":\\"Exterior Building Materials:\\",\\"condition\\":\\"isAsbestosAssessed\\",\\"showWhen\\":\\"isAsbestosAssessed=Yes\\",\\"fields\\":[{\\"id\\":\\"exteriorBuildingCaulking\\",\\"type\\":\\"radio\\",\\"label\\":\\"Exterior Building Caulking?\\",\\"options\\":[\\"Yes\\",\\"No\\"]},{\\"id\\":\\"exteriorBuildingCaulkingLocationDetails\\",\\"type\\":\\"text\\",\\"label\\":\\"Location\\",\\"showWhen\\":\\"exteriorBuildingCaulking=Yes\\"},{\\"id\\":\\"exteriorBuildingCaulkingDescriptionDetails\\",\\"type\\":\\"text\\",\\"label\\":\\"Description\\",\\"showWhen\\":\\"exteriorBuildingCaulking=Yes\\"},{\\"id\\":\\"exteriorBuildingCaulkingPhoto\\",\\"type\\":\\"file\\",\\"label\\":\\"Photo\\",\\"showWhen\\":\\"exteriorBuildingCaulking=Yes\\"},{\\"id\\":\\"exteriorBuildingShingles\\",\\"type\\":\\"radio\\",\\"label\\":\\"Exterior Building Shingles?\\",\\"options\\":[\\"Yes\\",\\"No\\"]},{\\"id\\":\\"exteriorBuildingShinglesLocationDetails\\",\\"type\\":\\"text\\",\\"label\\":\\"Location\\",\\"showWhen\\":\\"exteriorBuildingShingles=Yes\\"},{\\"id\\":\\"exteriorBuildingShinglesDescriptionDetails\\",\\"type\\":\\"text\\",\\"label\\":\\"Description\\",\\"showWhen\\":\\"exteriorBuildingShingles=Yes\\"},{\\"id\\":\\"exteriorBuildingShinglesPhoto\\",\\"type\\":\\"file\\",\\"label\\":\\"Photo\\",\\"showWhen\\":\\"exteriorBuildingShingles=Yes\\"},{\\"id\\":\\"exteriorBuildingRoofMembrane\\",\\"type\\":\\"radio\\",\\"label\\":\\"Exterior Building Roof Membrane?\\",\\"options\\":[\\"Yes\\",\\"No\\"]},{\\"id\\":\\"exteriorBuildingRoofMembraneLocationDetails\\",\\"type\\":\\"text\\",\\"label\\":\\"Location\\",\\"showWhen\\":\\"exteriorBuildingRoofMembrane=Yes\\"},{\\"id\\":\\"exteriorBuildingRoofMembraneDescriptionDetails\\",\\"type\\":\\"text\\",\\"label\\":\\"Description\\",\\"showWhen\\":\\"exteriorBuildingRoofMembrane=Yes\\"},{\\"id\\":\\"exteriorBuildingRoofMembranePhoto\\",\\"type\\":\\"file\\",\\"label\\":\\"Photo\\",\\"showWhen\\":\\"exteriorBuildingRoofMembrane=Yes\\"}]},{\\"id\\":\\"miscMaterials\\",\\"type\\":\\"conditional\\",\\"label\\":\\"Misc. Materials:\\",\\"condition\\":\\"isAsbestosAssessed\\",\\"showWhen\\":\\"isAsbestosAssessed=Yes\\",\\"fields\\":[{\\"id\\":\\"miscMaterialsMastic\\",\\"type\\":\\"radio\\",\\"label\\":\\"Mastic?\\",\\"options\\":[\\"Yes\\",\\"No\\"]},{\\"id\\":\\"miscMaterialsMasticLocationDetails\\",\\"type\\":\\"text\\",\\"label\\":\\"Location\\",\\"condition\\":\\"miscMaterialsMastic\\",\\"showWhen\\":\\"miscMaterialsMastic=Yes\\"},{\\"id\\":\\"miscMaterialsMasticDescriptionDetails\\",\\"type\\":\\"text\\",\\"label\\":\\"Description\\",\\"condition\\":\\"miscMaterialsMastic\\",\\"showWhen\\":\\"miscMaterialsMastic=Yes\\"},{\\"id\\":\\"miscMaterialsMasticPhoto\\",\\"type\\":\\"file\\",\\"label\\":\\"Photo\\",\\"condition\\":\\"miscMaterialsMastic\\",\\"showWhen\\":\\"miscMaterialsMastic=Yes\\"},{\\"id\\":\\"miscMaterialsSuspectAcm\\",\\"type\\":\\"radio\\",\\"label\\":\\"Suspect ACM?\\",\\"options\\":[\\"Yes\\",\\"No\\"]},{\\"id\\":\\"miscMaterialsSuspectAcmDetails\\",\\"type\\":\\"repeater\\",\\"label\\":\\"Suspected ACM Details\\",\\"condition\\":\\"miscMaterialsSuspectAcm\\",\\"showWhen\\":\\"miscMaterialsSuspectAcm=Yes\\",\\"fields\\":[{\\"id\\":\\"miscMaterialsSuspectAcmLocationDetails\\",\\"type\\":\\"text\\",\\"label\\":\\"Location\\",\\"showWhen\\":\\"miscMaterialsSuspectAcm=Yes\\"},{\\"id\\":\\"miscMaterialsSuspectAcmDescriptionDetails\\",\\"type\\":\\"text\\",\\"label\\":\\"Description\\",\\"showWhen\\":\\"miscMaterialsSuspectAcm=Yes\\"},{\\"id\\":\\"miscMaterialsSuspectAcmPhoto\\",\\"type\\":\\"file\\",\\"label\\":\\"Photo\\",\\"showWhen\\":\\"miscMaterialsSuspectAcm=Yes\\"}]}]}],\\"type\\":\\"conditional\\",\\"condition\\":\\"areaAvailable\\",\\"showWhen\\":\\"areaAvailable=Yes\\"},{\\"title\\":\\"Lead Assessment\\",\\"fields\\":[{\\"id\\":\\"isLeadAssessed\\",\\"type\\":\\"radio\\",\\"label\\":\\"Is Lead being assessed?\\",\\"options\\":[\\"Yes\\",\\"No\\"]},{\\"id\\":\\"isThereEmergencyLighting\\",\\"type\\":\\"radio\\",\\"label\\":\\"Is there emergency lighting?\\",\\"showWhen\\":\\"isLeadAssessed=Yes\\",\\"options\\":[\\"Yes\\",\\"No\\"]}],\\"type\\":\\"conditional\\",\\"condition\\":\\"areaAvailable\\",\\"showWhen\\":\\"areaAvailable=Yes\\"},{\\"title\\":\\"Mercury Assessment\\",\\"fields\\":[{\\"id\\":\\"mercuryObserved\\",\\"type\\":\\"radio\\",\\"label\\":\\"Were any sources of mercury observed?\\",\\"options\\":[\\"Yes\\",\\"No\\"]},{\\"id\\":\\"mercuryForms\\",\\"type\\":\\"repeater\\",\\"label\\":\\"Forms of mercury present\\",\\"showWhen\\":\\"mercuryObserved=Yes\\",\\"fields\\":[{\\"id\\":\\"materialType\\",\\"type\\":\\"select\\",\\"options\\":[\\"Thermostat\\",\\"Thermometers\\",\\"Barometers\\",\\"Other\\"],\\"label\\":\\"Material Type\\"},{\\"id\\":\\"materialLocation\\",\\"type\\":\\"text\\",\\"label\\":\\"Location\\"},{\\"id\\":\\"materialDescription\\",\\"type\\":\\"text\\",\\"label\\":\\"Description\\"},{\\"id\\":\\"materialPhoto\\",\\"type\\":\\"file\\",\\"label\\":\\"Photo\\"}]},{\\"id\\":\\"hasLamps\\",\\"type\\":\\"radio\\",\\"label\\":\\"Are there lamps?\\",\\"showWhen\\":\\"mercuryObserved=Yes\\",\\"options\\":[\\"Yes\\",\\"No\\"]},{\\"id\\":\\"lampCount\\",\\"type\\":\\"select\\",\\"label\\":\\"How many lamps?\\",\\"options\\":[\\"<=16\\",\\"<16\\"],\\"showWhen\\":\\"mercuryObserved=Yes\\"},{\\"id\\":\\"areThereVials\\",\\"type\\":\\"radio\\",\\"label\\":\\"Are there vials?\\",\\"showWhen\\":\\"mercuryObserved=Yes\\",\\"options\\":[\\"Yes\\",\\"No\\"]},{\\"id\\":\\"willTheMercuryContainingEquipmentBeRemoved\\",\\"type\\":\\"select\\",\\"label\\":\\"Will the mercury-containing equipment be removed/disturbed?\\",\\"showWhen\\":\\"mercuryObserved=Yes\\",\\"options\\":[\\"Removed\\",\\"Distributed\\",\\"Unknown\\"]}],\\"type\\":\\"conditional\\",\\"condition\\":\\"areaAvailable\\",\\"showWhen\\":\\"areaAvailable=Yes\\"},{\\"title\\":\\"Silica Assessment\\",\\"fields\\":[{\\"id\\":\\"silicaObserved\\",\\"type\\":\\"radio\\",\\"label\\":\\"Were any sources of silica observed?\\",\\"options\\":[\\"Yes\\",\\"No\\"]},{\\"id\\":\\"silicaForms\\",\\"type\\":\\"multiselect\\",\\"label\\":\\"Forms of silica present\\",\\"options\\":[\\"plaster\\",\\"drywall walls/drywall joint compound\\",\\"concrete\\",\\"mortar\\",\\"refractory associated with the boiler\\",\\"sprayed fireproofing\\",\\"lay-in ceiling tiles\\"],\\"showWhen\\":\\"silicaObserved=Yes\\"}],\\"type\\":\\"conditional\\",\\"condition\\":\\"areaAvailable\\",\\"showWhen\\":\\"areaAvailable=Yes\\"},{\\"title\\":\\"Assessment for Mould Contamination\\",\\"fields\\":[{\\"id\\":\\"mouldContaminationDetails\\",\\"type\\":\\"repeater\\",\\"label\\":\\"Per material - add location, description and photo\\",\\"showWhen\\":\\"moldGrowth=Yes\\",\\"fields\\":[{\\"id\\":\\"mouldLocation\\",\\"type\\":\\"text\\",\\"label\\":\\"Location\\",\\"required\\":true},{\\"id\\":\\"mouldDescription\\",\\"type\\":\\"text\\",\\"label\\":\\"Description\\",\\"required\\":true},{\\"id\\":\\"mouldPhoto\\",\\"type\\":\\"file\\",\\"label\\":\\"Photo\\"}]}],\\"type\\":\\"conditional\\",\\"condition\\":\\"areaAvailable\\",\\"showWhen\\":\\"areaAvailable=Yes\\"},{\\"title\\":\\"Pest Infestation\\",\\"fields\\":[{\\"id\\":\\"pestInfestationObserved\\",\\"type\\":\\"radio\\",\\"label\\":\\"Was there evidence of pest infestation observed?\\",\\"options\\":[\\"Yes\\",\\"No\\"]},{\\"id\\":\\"typeOfInfestation\\",\\"type\\":\\"conditional\\",\\"label\\":\\"Type of infestation?\\",\\"condition\\":\\"pestInfestationObserved\\",\\"showWhen\\":\\"pestInfestationObserved=Yes\\",\\"fields\\":[{\\"id\\":\\"infestationTypeSelect\\",\\"type\\":\\"multiselect\\",\\"label\\":\\"Select Type\\",\\"options\\":[\\"Mouse\\"]},{\\"id\\":\\"infestationTypeOther\\",\\"type\\":\\"text\\",\\"label\\":\\"Please specify other type\\",\\"condition\\":\\"pestInfestationObserved\\",\\"showWhen\\":\\"infestationTypeSelect=Other\\"},{\\"id\\":\\"infestationTypePhoto\\",\\"type\\":\\"file\\",\\"label\\":\\"Photo\\"}]},{\\"id\\":\\"droppingsObserved\\",\\"type\\":\\"radio\\",\\"label\\":\\"Were droppings observed?\\",\\"options\\":[\\"Yes\\",\\"No\\"],\\"condition\\":\\"pestInfestationObserved\\",\\"showWhen\\":\\"pestInfestationObserved=Yes\\",\\"fields\\":[{\\"id\\":\\"droppingsObservedPhoto\\",\\"type\\":\\"file\\",\\"label\\":\\"Photo\\",\\"showWhen\\":\\"droppingsObserved=Yes\\"}]},{\\"id\\":\\"droppingsLocation\\",\\"type\\":\\"text\\",\\"label\\":\\"Location of droppings?\\",\\"condition\\":\\"pestInfestationObserved\\",\\"showWhen\\":\\"droppingsObserved=Yes\\"},{\\"id\\":\\"deadAnimals\\",\\"type\\":\\"repeater\\",\\"label\\":\\"Were dead animals found?\\",\\"condition\\":\\"pestInfestationObserved\\",\\"showWhen\\":\\"pestInfestationObserved=Yes\\",\\"fields\\":[{\\"id\\":\\"animalName\\",\\"type\\":\\"text\\",\\"label\\":\\"Name\\",\\"required\\":true},{\\"id\\":\\"animalDescription\\",\\"type\\":\\"text\\",\\"label\\":\\"Description\\",\\"required\\":true},{\\"id\\":\\"animalLocation\\",\\"type\\":\\"text\\",\\"label\\":\\"Location\\",\\"required\\":true},{\\"id\\":\\"animalPhoto\\",\\"type\\":\\"file\\",\\"label\\":\\"Photo\\",\\"required\\":true}]}],\\"type\\":\\"conditional\\",\\"condition\\":\\"areaAvailable\\",\\"showWhen\\":\\"areaAvailable=Yes\\"},{\\"title\\":\\"PCB Assessment\\",\\"fields\\":[{\\"id\\":\\"pcbObserved\\",\\"type\\":\\"radio\\",\\"label\\":\\"Were any sources of polychlorinated biphenyls (PCBs) observed?\\",\\"options\\":[\\"Yes\\",\\"No\\"]},{\\"id\\":\\"fluorescentFixtures\\",\\"type\\":\\"number\\",\\"label\\":\\"How many flourescent light fixtures present?\\",\\"showWhen\\":\\"pcbObserved=Yes\\"},{\\"id\\":\\"fixtureType\\",\\"type\\":\\"text\\",\\"label\\":\\"What type of number light fixtures are they?\\",\\"showWhen\\":\\"pcbObserved=Yes\\"},{\\"id\\":\\"fixtureSize\\",\\"type\\":\\"select\\",\\"label\\":\\"What type of light fixtures are they?\\",\\"options\\":[\\"T8\\",\\"T12\\"],\\"showWhen\\":\\"pcbObserved=Yes\\"},{\\"id\\":\\"ballastPcbPercentage\\",\\"type\\":\\"number\\",\\"label\\":\\"What % is estimated to have ballasts that contain PCBs?\\",\\"showWhen\\":\\"pcbObserved=Yes\\"},{\\"id\\":\\"assumedPcbBallastsCount\\",\\"type\\":\\"number\\",\\"label\\":\\"How many “assumed PCB-containing” light ballasts are there?\\",\\"showWhen\\":\\"pcbObserved=Yes\\"},{\\"id\\":\\"hidLightsPresent\\",\\"type\\":\\"radio\\",\\"label\\":\\"Was there HID lights?\\",\\"options\\":[\\"Yes\\",\\"No\\"],\\"showWhen\\":\\"pcbObserved=Yes\\"},{\\"id\\":\\"hidLightsCount\\",\\"type\\":\\"number\\",\\"label\\":\\"How many?\\",\\"showWhen\\":\\"pcbObserved=Yes\\"},{\\"id\\":\\"liquidFilledTransformer\\",\\"type\\":\\"radio\\",\\"label\\":\\"Was there a liquid-filled transformer(s)?\\",\\"options\\":[\\"Yes\\",\\"No\\"],\\"showWhen\\":\\"pcbObserved=Yes\\"},{\\"id\\":\\"transformerLeakageSigns\\",\\"type\\":\\"radio\\",\\"label\\":\\"If yes to previous question, was there signs of leakage?\\",\\"options\\":[\\"Yes\\",\\"No\\"],\\"showWhen\\":\\"pcbObserved=Yes\\"},{\\"id\\":\\"wallMountedCapacitor\\",\\"type\\":\\"radio\\",\\"label\\":\\"Was there a wall-mounted capacitor(s)?\\",\\"options\\":[\\"Yes\\",\\"No\\"],\\"showWhen\\":\\"pcbObserved=Yes\\"},{\\"id\\":\\"capacitorLeakageSigns\\",\\"type\\":\\"radio\\",\\"label\\":\\"If yes to previous question, was there signs of leakage?\\",\\"options\\":[\\"Yes\\",\\"No\\"],\\"showWhen\\":\\"pcbObserved=Yes\\"},{\\"id\\":\\"recentLightingRetrofit\\",\\"type\\":\\"radio\\",\\"label\\":\\"Has the project area/building had a recent lighting retrofit?\\",\\"options\\":[\\"Yes\\",\\"No\\"],\\"showWhen\\":\\"pcbObserved=Yes\\"},{\\"id\\":\\"additionalPcbEquipment\\",\\"type\\":\\"radio\\",\\"label\\":\\"Was there additional PCB containing electrical equipment?\\",\\"options\\":[\\"Yes\\",\\"No\\"],\\"showWhen\\":\\"pcbObserved=Yes\\"},{\\"id\\":\\"additionalEquipmentType\\",\\"type\\":\\"multiselect\\",\\"label\\":\\"If yes to previous question, what type of equipment?\\",\\"showWhen\\":\\"additionalPcbEquipment=Yes\\"},{\\"id\\":\\"additionalEquipmentLocation\\",\\"type\\":\\"repeater\\",\\"label\\":\\"Location of additional electrical equipment?\\",\\"showWhen\\":\\"pcbObserved=Yes\\",\\"fields\\":[{\\"id\\":\\"ElectricalEquipment\\",\\"type\\":\\"text\\",\\"label\\":\\"Electrical Equipment\\"},{\\"id\\":\\"ElectricalEquipmentLocation\\",\\"type\\":\\"text\\",\\"label\\":\\"Location\\"},{\\"id\\":\\"ElectricalEquipmentDescription\\",\\"type\\":\\"text\\",\\"label\\":\\"Description\\"},{\\"id\\":\\"ElectricalEquipmentPhoto\\",\\"type\\":\\"file\\",\\"label\\":\\"Photo\\"}]},{\\"id\\":\\"additionalEquipmentPcbType\\",\\"type\\":\\"text\\",\\"label\\":\\"Additional electrical equipment: Type of PCB\\",\\"showWhen\\":\\"pcbObserved=Yes\\"},{\\"id\\":\\"pcbElectricalEquipmentTable\\",\\"type\\":\\"repeater\\",\\"label\\":\\"Assessment for PCB-Containing Electrical Equipment\\",\\"showWhen\\":\\"pcbObserved=Yes\\",\\"fields\\":[{\\"id\\":\\"tableLocation\\",\\"type\\":\\"text\\",\\"label\\":\\"Location\\"},{\\"id\\":\\"tableElectricalEquipment\\",\\"type\\":\\"text\\",\\"label\\":\\"Electrical Equipment\\"},{\\"id\\":\\"tableManufacturer\\",\\"type\\":\\"text\\",\\"label\\":\\"Manufacturer\\"},{\\"id\\":\\"tablePcbIdInfo\\",\\"type\\":\\"text\\",\\"label\\":\\"PCB Identification Information\\"},{\\"id\\":\\"tablePcbContent\\",\\"type\\":\\"text\\",\\"label\\":\\"PCB Content\\"},{\\"id\\":\\"photoPcbContent\\",\\"type\\":\\"file\\",\\"label\\":\\"PCB Content Photo\\"}]}],\\"type\\":\\"conditional\\",\\"condition\\":\\"areaAvailable\\",\\"showWhen\\":\\"areaAvailable=Yes\\"},{\\"title\\":\\"Ozone Depleting Substances\\",\\"fields\\":[{\\"id\\":\\"odsObserved\\",\\"type\\":\\"radio\\",\\"label\\":\\"Were any equipment suspected to contain ODS/GWS observed in the subject building?\\",\\"options\\":[\\"Yes\\",\\"No\\"]},{\\"id\\":\\"odsGwsAssessmentTable\\",\\"type\\":\\"repeater\\",\\"label\\":\\"Assessment for Ozone-Depleting and Global Warming Substances\\",\\"showWhen\\":\\"odsObserved=Yes\\",\\"fields\\":[{\\"id\\":\\"tableLocation\\",\\"type\\":\\"text\\",\\"label\\":\\"Location\\"},{\\"id\\":\\"tableEquipmentManufacturerType\\",\\"type\\":\\"text\\",\\"label\\":\\"Equipment Manufacturer and Type\\"},{\\"id\\":\\"tableRefrigerantTypeQuantity\\",\\"type\\":\\"text\\",\\"label\\":\\"Type and Quantity of Refrigerant or Fire Extinguishing Agent\\"},{\\"id\\":\\"tableOdsGwsClassification\\",\\"type\\":\\"text\\",\\"label\\":\\"ODS/GWS Classification\\"}]},{\\"id\\":\\"refrigerantType\\",\\"type\\":\\"select\\",\\"label\\":\\"What type of refrigerant?\\",\\"options\\":[\\"CFC-11\\",\\"CFC-12\\",\\"CFC-13\\",\\"CFC-111\\",\\"CFC-112\\",\\"CFC-113\\",\\"CFC-114\\",\\"CFC-115\\",\\"CFC-211\\",\\"CFC-212\\",\\"CFC-213\\",\\"CFC-214\\",\\"CFC-215\\",\\"CFC-216\\",\\"CFC-217\\",\\"HCFC-21\\",\\"HCFC-22\\",\\"HCFC-31\\",\\"HCFC-121\\",\\"HCFC-122\\",\\"HCFC-123\\",\\"HCFC-124\\",\\"HCFC-131\\",\\"HCFC-132\\",\\"HCFC-133\\",\\"HCFC-141\\",\\"HCFC-142\\",\\"HCFC-151\\",\\"HCFC-221\\",\\"HCFC-222\\",\\"HCFC-223\\",\\"HCFC-224\\",\\"HCFC-225\\",\\"HCFC-226\\",\\"HCFC-231\\",\\"HCFC-232\\",\\"HCFC-233\\",\\"HCFC-234\\",\\"HCFC-235\\",\\"HCFC-241\\",\\"HCFC-242\\",\\"HCFC-243\\",\\"HCFC-244\\",\\"HCFC-251\\",\\"HCFC-252\\",\\"HCFC-253\\",\\"HCFC-261\\",\\"HCFC-262\\",\\"HCFC-271\\"],\\"showWhen\\":\\"odsObserved=Yes and hasAirConditioning=Yes\\"},{\\"id\\":\\"refrigerantPounds\\",\\"type\\":\\"number\\",\\"label\\":\\"Approximately how many pounds of refrigerant?\\",\\"showWhen\\":\\"odsObserved=Yes\\"},{\\"id\\":\\"fireExtinguishingEquipment\\",\\"type\\":\\"radio\\",\\"label\\":\\"Is there fire extinguishing equipment?\\",\\"options\\":[\\"Yes\\",\\"No\\"],\\"showWhen\\":\\"odsObserved=Yes\\"}],\\"type\\":\\"conditional\\",\\"condition\\":\\"areaAvailable\\",\\"showWhen\\":\\"areaAvailable=Yes\\"},{\\"title\\":\\"Docs and Limits\\",\\"fields\\":[{\\"id\\":\\"documentsUsed\\",\\"type\\":\\"textarea\\",\\"label\\":\\"What documents were used to aid in the assessment?\\",\\"required\\":true},{\\"id\\":\\"areasNotAccessible\\",\\"type\\":\\"textarea\\",\\"label\\":\\"What areas were not accessible or limited-access during the assessment?\\",\\"required\\":true,\\"placeholder\\":\\"List areas\\"}]}]}"	t	2025-06-17 10:06:31+00	2025-11-05 08:21:27.024+00
\.


--
-- Data for Name: reports; Type: TABLE DATA; Schema: public; Owner: neondb_owner
--

COPY public.reports (id, name, project_id, report_template_id, assessment_due_to, date_of_loss, date_of_assessment, answers, photos, status, pm_feedback, created_at, updated_at, deleted_at) FROM stdin;
c66943d9-d54e-469f-9222-f3e7194d9436	Designated Substances and Hazardous Materials Assessment Report	bf27d459-425d-4d98-a9ba-db2e14d8bfeb	9bc0e9fc-a0e7-4037-89e8-f0202e827dcb		\N	\N	{"notes":[],"areaDetails":[{"id":"area-1","name":"First Area","areaNumber":1,"assessments":{"floor":"123","pmName":"David Martinez","endDate":"2026-01-02","pmEmail":"david.martinez754@yopmail.com","pmPhone":"730-739-8597","startDate":"2025-10-01","moldGrowth":"Yes","contactName":"Joe Contact","odsObserved":"Yes","pcbObserved":"Yes","projectName":"Test Project for Assessing via Mobile","contactEmail":"chris+joecontact@dastech.ca","contactPhone":"5555555555","areThereVials":"No","clientAddress":"123 Fake, Line 2, Miss, ON, L4L4L4","projectAddress":"123 Fake, Line 2, Miss, ON, L4L4L4","technicianName":"Jack Reacher","technicianEmail":"reacher@yopmail.com","technicianPhone":"9874563211","specificLocation":"Test Location","clientCompanyName":"Acme Inc."}}]}	[]	t	\N	2025-10-07 08:20:14+00	2025-11-03 09:47:59.082+00	\N
ce6ecc31-6007-425b-8949-9e80ef94e754	Designated Substances and Hazardous Materials Assessment Report	6546e74d-02b9-4d32-987a-13f0daa81289	9bc0e9fc-a0e7-4037-89e8-f0202e827dcb		\N	\N	{"notes":[],"areaDetails":[{"id":"area-1","name":"Main Roof","areaNumber":1,"assessments":{"floor":"111","pmName":"David Martinez","endDate":"2025-08-31","pmEmail":"david.martinez754@yopmail.com","pmPhone":"730-739-8597","startDate":"2025-07-14","hasLamps":"Yes","lampCount":"None","moldGrowth":"Yes","moldImpact":"Yes","acUnitSize":"medium","acUnitCount":"2","contactName":"James White","fixtureSize":"T8","fixtureType":"Test 1","odsObserved":"Yes","pcbObserved":"Yes","projectName":"St. Matthias Catholic School Demolition","contactEmail":"william636@yopmail.com","contactPhone":"402-579-5512","areThereVials":"Yes","areaAvailable":"Yes","clientAddress":"1238 Main St, Suite 201, Seattle, IN, 24312","projectAddress":"1238 Main St, Suite 201, Seattle, IN, 24312","technicianName":"Jack Reacher","technicianEmail":"reacher@yopmail.com","technicianPhone":"9874563211","clientCompanyName":"New Company"}}]}	[]	t	\N	2025-10-06 11:33:51+00	2025-11-03 09:47:59.154+00	\N
baed87d2-1927-4b9f-92bf-e4fa9d71322f	Designated Substances and Hazardous Materials Assessment Report	a6427955-c1fe-4d5c-81b0-fd39d0cc0328	9bc0e9fc-a0e7-4037-89e8-f0202e827dcb		\N	\N	{"notes":[],"areaDetails":[{"id":"area-1","name":"Reception","areaNumber":1,"assessments":{"floor":"1","pmName":"David Martinez","endDate":"2025-09-30","pmEmail":"david.martinez754@yopmail.com","pmPhone":"730-739-8597","startDate":"2025-09-16","moldGrowth":"Yes","moldImpact":"No","contactName":"Contactname Contactlast","odsObserved":"Yes","pcbObserved":"No","projectName":"Interior test","contactEmail":"info@safetechenv.com","contactPhone":"5555555555","areThereVials":"No","areaAvailable":"Yes","clientAddress":"123 fake st, Miss, Ontario, L5J 2X6","leadMaterials":[{"id":"material-1759482080742","photos":["https://safetech-dev-images.s3.ca-central-1.amazonaws.com/reports/baed87d2-1927-4b9f-92bf-e4fa9d71322f/1759862418282-20251006_152434.jpg"],"location":"Walls","sampleId":"S10008","sampleNo":"Reception-L4A","timestamp":"2025-10-07T18:40:11.926Z","description":"","materialType":"Paint, Grey-Blue","suspectedLead":"No","percentageLead":null,"sampleCollected":"Yes","isCustomMaterial":true,"customMaterialName":"Paint, Grey-Blue"}],"projectAddress":"123 fake st, Miss, Ontario, L5J 2X6","silicaObserved":"No","technicianName":"Jack Reacher","technicianEmail":"reacher@yopmail.com","technicianPhone":"9874563211","specificLocation":"Project Specific","clientCompanyName":"Safetech Env","contactPosition":"","projectNumber":"","technicianTitle":"Technician","technicianSignature":"https://safetech-dev-images.s3.ca-central-1.amazonaws.com/profiles/1761734993172-signature.png","asbestosMaterials":[],"mercuryMaterials":[],"silicaMaterials":[],"mouldMaterials":[],"additionalEquipmentType":{"floor":"1","pmName":"David Martinez","endDate":"2025-09-30","pmEmail":"david.martinez754@yopmail.com","pmPhone":"730-739-8597","startDate":"2025-09-16","moldGrowth":"Yes","moldImpact":"No","contactName":"Contactname Contactlast","odsObserved":"Yes","pcbObserved":"No","projectName":"Interior test","contactEmail":"info@safetechenv.com","contactPhone":"5555555555","areThereVials":"No","areaAvailable":"Yes","clientAddress":"123 fake st, Miss, Ontario, L5J 2X6","leadMaterials":[{"id":"material-1759482080742","photos":["https://safetech-dev-images.s3.ca-central-1.amazonaws.com/reports/baed87d2-1927-4b9f-92bf-e4fa9d71322f/1759862418282-20251006_152434.jpg"],"location":"Walls","sampleId":"S10008","sampleNo":"Reception-L4A","timestamp":"2025-10-07T18:40:11.926Z","description":"","materialType":"Paint, Grey-Blue","suspectedLead":"No","percentageLead":null,"sampleCollected":"Yes","isCustomMaterial":true,"customMaterialName":"Paint, Grey-Blue"}],"projectAddress":"123 fake st, Miss, Ontario, L5J 2X6","silicaObserved":"No","technicianName":"Jack Reacher","technicianEmail":"reacher@yopmail.com","technicianPhone":"9874563211","specificLocation":"Project Specific","clientCompanyName":"Safetech Env","contactPosition":"","projectNumber":"","technicianTitle":"Technician","technicianSignature":"https://safetech-dev-images.s3.ca-central-1.amazonaws.com/profiles/1761734993172-signature.png"},"isAsbestosAssessed":"No","isLeadAssessed":"No","isThereEmergencyLighting":"No","mercuryObserved":"No","waterStaining":"No","pestInfestationObserved":"No","droppingsObserved":"No","fluorescentFixtures":"No","hidLightsPresent":"No","liquidFilledTransformer":"No","transformerLeakageSigns":"No","wallMountedCapacitor":"No","capacitorLeakageSigns":"No","recentLightingRetrofit":"No","fireExtinguishingEquipment":"No"}}],"scopeOfWork":["A review of existing documents, including renovation documents and drawings, floor plans and existing environmental assessment reports, etc., where available;","A visual assessment of accessible area(s) in the project areas to identify the presence, location, condition and quantities of designated substances and other hazardous materials;","Collection, analysis and interpretation of representative bulk samples of suspect asbestos-containing building materials for the determination of asbestos content and material classification;","Collection, analysis and interpretation of representative paint chip samples for the determination of lead content; and","Preparation of a report to document findings and provide recommendations regarding control measures and/or special handling procedures for designated substances or specific hazardous materials that may be disturbed as part of planned activities."]}	[]	t	This report needs more details on asbestos materials.	2025-09-23 09:02:30+00	2025-11-03 10:37:00.945+00	\N
3ff558d8-8520-49b0-af88-cb9fe5c360f0	Designated Substances and Hazardous Materials Assessment Report	cde36863-768d-4067-88d9-26e5057ea165	9bc0e9fc-a0e7-4037-89e8-f0202e827dcb		\N	\N	{"notes":[],"areaDetails":[{"id":"area-1","name":"WI-1 Stairwell ","areaNumber":1,"assessments":{"pmName":"David Martinez","endDate":"2025-10-31","pmEmail":"david.martinez754@yopmail.com","pmPhone":"730-739-8597","startDate":"2025-10-27","moldGrowth":"No","contactName":"PrimaryContactFirstName PrimaryContactLastName","odsObserved":"No","pcbObserved":"No","projectName":"Window Replacement Project (Phase 1)","contactEmail":"chris+reporttest@dastech.ca","contactPhone":"416-555-5555","areThereVials":"Yes","areaAvailable":"Yes","clientAddress":"285 Victoria Street, Toronto, Ontario, M5B 1W1","leadMaterials":[],"projectNumber":"68742","waterStaining":"No","isLeadAssessed":"No","mouldMaterials":[],"projectAddress":"285 Victoria Street, Toronto, Ontario, M5B 1W1","silicaObserved":"No","technicianName":"Jack Reacher","contactPosition":"","mercuryObserved":"Yes","silicaMaterials":[],"technicianEmail":"reacher@yopmail.com","technicianPhone":"9874563211","technicianTitle":"Technician","hidLightsPresent":"No","mercuryMaterials":[{"id":"mercury-1761548637314-8iu6dcny3","photos":[],"location":"","timestamp":"2025-10-27T07:03:57.314Z","description":"","materialType":"Custome 00002","sampleCollected":"No","isCustomMaterial":true,"suspectedMercury":"No","customMaterialName":"Custome 00002"}],"specificLocation":"SpecificLocation","asbestosMaterials":[{"id":"material-1761542871502","isTile":false,"photos":["https://safetech-dev-images.s3.ca-central-1.amazonaws.com/reports/3ff558d8-8520-49b0-af88-cb9fe5c360f0/1761560455776-download%20%282%29.jpg"],"location":"","quantity":"","sampleId":"S10039","sampleNo":"1A","condition":"Unknown","timestamp":"2025-10-27T06:27:58.562Z","friability":"Non-Friable","description":"","asbestosType":"Chrysotile","materialType":"","quantityType":"Square/ft","suspectedAcm":"Yes","customLocation":"","sampleCollected":"Yes","isCustomMaterial":true,"customMaterialName":"Textured Plaster Ceiling","percentageAsbestos":"10"},{"id":"material-1761542855343","isTile":false,"photos":["https://safetech-dev-images.s3.ca-central-1.amazonaws.com/reports/3ff558d8-8520-49b0-af88-cb9fe5c360f0/1761560464019-download%20%282%29.jpg"],"location":"","quantity":"","sampleId":"S10040","sampleNo":"1B","condition":"Unknown","timestamp":"2025-10-27T06:27:52.246Z","friability":"Non-Friable","description":"","asbestosType":"Chrysotile","materialType":"","quantityType":"Square/ft","suspectedAcm":"Yes","customLocation":"","sampleCollected":"Yes","isCustomMaterial":true,"customMaterialName":"Textured Plaster Ceiling","percentageAsbestos":"10"},{"id":"material-1761541759234","isTile":false,"photos":["https://safetech-dev-images.s3.ca-central-1.amazonaws.com/reports/3ff558d8-8520-49b0-af88-cb9fe5c360f0/1761560472863-download%20%282%29.jpg"],"location":"","quantity":"","sampleId":"S10041","sampleNo":"1C","condition":"Unknown","timestamp":"2025-10-27T06:27:41.499Z","friability":"Non-Friable","description":"","asbestosType":"Chrysotile","materialType":"","quantityType":"Square/ft","suspectedAcm":"Yes","customLocation":"","sampleCollected":"Yes","isCustomMaterial":true,"customMaterialName":"Textured Plaster Ceiling","percentageAsbestos":"10"}],"clientCompanyName":"Toronto Metropolitan University","droppingsObserved":"No","isAsbestosAssessed":"Yes","fluorescentFixtures":"No","technicianSignature":"https://safetech-dev-images.s3.ca-central-1.amazonaws.com/profiles/1760435992852-signature.png","wallMountedCapacitor":"No","capacitorLeakageSigns":"No","recentLightingRetrofit":"No","additionalEquipmentType":{"pmName":"David Martinez","endDate":"2025-10-31","pmEmail":"david.martinez754@yopmail.com","pmPhone":"730-739-8597","startDate":"2025-10-27","contactName":"Faisal  Bangash","projectName":"Window Replacement Project (Phase 1)","contactEmail":"chris+reporttest@dastech.ca","contactPhone":"416-555-5555","clientAddress":"285 Victoria Street, Toronto, Ontario, M5B 1W1","projectNumber":"68742","projectAddress":"285 Victoria Street, Toronto, Ontario, M5B 1W1","technicianName":"Jack Reacher","contactPosition":"","technicianEmail":"reacher@yopmail.com","technicianPhone":"9874563211","technicianTitle":"Technician","specificLocation":"SpecificLocation","clientCompanyName":"Toronto Metropolitan University","technicianSignature":"https://safetech-dev-images.s3.ca-central-1.amazonaws.com/profiles/1760435992852-signature.png"},"liquidFilledTransformer":"No","pestInfestationObserved":"No","transformerLeakageSigns":"No","buildingConstructionYear":"Before 1980","isThereEmergencyLighting":"No","fireExtinguishingEquipment":"No"}},{"id":"area-2-1761542929983","name":"KHE 137a","areaNumber":2,"assessments":{"floor":"","pmName":"David Martinez","endDate":"2025-10-31","pmEmail":"david.martinez754@yopmail.com","pmPhone":"730-739-8597","areaName":"KHE 137a","areaPhoto":[],"startDate":"2025-10-27","moldGrowth":"Yes","contactName":"PrimaryContactFirstName PrimaryContactLastName","odsObserved":"No","pcbObserved":"No","projectName":"Window Replacement Project (Phase 1)","contactEmail":"chris+reporttest@dastech.ca","contactPhone":"416-555-5555","areThereVials":"No","areaAvailable":"Yes","clientAddress":"285 Victoria Street, Toronto, Ontario, M5B 1W1","leadMaterials":[],"projectNumber":"68742","waterStaining":"No","areaSquareFeet":"","isLeadAssessed":"No","mouldMaterials":[{"id":"mould-1761549035677-0gzc48vbs","photos":["https://safetech-dev-images.s3.ca-central-1.amazonaws.com/reports/3ff558d8-8520-49b0-af88-cb9fe5c360f0/1761549067250-download%20%282%29.jpg"],"location":"","timestamp":"2025-10-27T07:10:35.677Z","description":"Minor water damage (~5 SF)","materialType":"Smooth Plaster Wall","suspectedMould":"No","sampleCollected":"No","isCustomMaterial":true,"customMaterialName":"Smooth Plaster Wall"},{"id":"mould-1761548813722-rkx324n16","photos":["https://safetech-dev-images.s3.ca-central-1.amazonaws.com/reports/3ff558d8-8520-49b0-af88-cb9fe5c360f0/1761549031124-download%20%282%29.jpg"],"location":"horizontal bulkhead","timestamp":"2025-10-27T07:06:53.722Z","description":"Minor water damage (~8 SF)","materialType":"Drywall","suspectedMould":"No","sampleCollected":"No","isCustomMaterial":true,"customMaterialName":"Drywall"}],"projectAddress":"285 Victoria Street, Toronto, Ontario, M5B 1W1","silicaObserved":"Yes","technicianName":"Jack Reacher","areaDescription":"","contactPosition":"","mercuryObserved":"No","moldGrowthPhoto":["https://safetech-dev-images.s3.ca-central-1.amazonaws.com/reports/3ff558d8-8520-49b0-af88-cb9fe5c360f0/1761560550459-download%20%281%29.jpg"],"silicaMaterials":[{"id":"silica-1761549155234-4pxcnglhe","timestamp":"2025-10-27T07:12:35.234Z","materialType":"","isCustomMaterial":true,"customMaterialName":"Texture Coat"},{"id":"silica-1761549138780-21k642qs3","timestamp":"2025-10-27T07:12:18.780Z","materialType":"","isCustomMaterial":true,"customMaterialName":"Mortar"},{"id":"silica-1761549128290-hj6y7etsi","timestamp":"2025-10-27T07:12:08.290Z","materialType":"concrete","isCustomMaterial":true,"customMaterialName":"concrete"},{"id":"silica-1761549117757-ieq6urh33","timestamp":"2025-10-27T07:11:57.757Z","materialType":"Drywall","isCustomMaterial":true,"customMaterialName":"Drywall"},{"id":"silica-1761549086208-50zrjifex","timestamp":"2025-10-27T07:11:26.208Z","materialType":"","isCustomMaterial":true,"customMaterialName":"Plaster"}],"technicianEmail":"reacher@yopmail.com","technicianPhone":"9874563211","technicianTitle":"Technician","hidLightsPresent":"No","mercuryMaterials":[],"specificLocation":"SpecificLocation","asbestosMaterials":[{"id":"material-1761544431603","isTile":false,"photos":["https://safetech-dev-images.s3.ca-central-1.amazonaws.com/reports/3ff558d8-8520-49b0-af88-cb9fe5c360f0/1761560524794-download%20%282%29.jpg"],"location":"Other","quantity":"","sampleId":"S10042","sampleNo":"2A","condition":"Unknown","timestamp":"2025-10-27T06:28:46.187Z","friability":"Non-Friable","description":"","materialType":"Drywall Joint Compound","quantityType":"Square/ft","suspectedAcm":"No","customLocation":"Horizontal Bulkhead","sampleCollected":"Yes","isCustomMaterial":false,"customMaterialName":"Drywall Joint Compound","percentageAsbestos":"None Detected"},{"id":"material-1761543914289","isTile":false,"photos":["https://safetech-dev-images.s3.ca-central-1.amazonaws.com/reports/3ff558d8-8520-49b0-af88-cb9fe5c360f0/1761560532173-download%20%282%29.jpg"],"location":"Wall","quantity":"","sampleId":"S10043","sampleNo":"3A","condition":"Unknown","timestamp":"2025-10-27T06:29:10.953Z","friability":"Non-Friable","description":"","materialType":"","quantityType":"Square/ft","suspectedAcm":"No","customLocation":"","sampleCollected":"Yes","isCustomMaterial":true,"customMaterialName":"Smooth Plaster Finish","percentageAsbestos":"None Detected"}],"clientCompanyName":"Toronto Metropolitan University","droppingsObserved":"No","isAsbestosAssessed":"Yes","fluorescentFixtures":"No","technicianSignature":"https://safetech-dev-images.s3.ca-central-1.amazonaws.com/profiles/1760435992852-signature.png","wallMountedCapacitor":"No","capacitorLeakageSigns":"No","recentLightingRetrofit":"No","additionalEquipmentType":{"floor":"","pmName":"David Martinez","endDate":"2025-10-31","pmEmail":"david.martinez754@yopmail.com","pmPhone":"730-739-8597","areaName":"KHE 137a","areaPhoto":[],"startDate":"2025-10-27","moldGrowth":"No","contactName":"Faisal  Bangash","odsObserved":"No","pcbObserved":"No","projectName":"Window Replacement Project (Phase 1)","contactEmail":"chris+reporttest@dastech.ca","contactPhone":"416-555-5555","areThereVials":"No","areaAvailable":"No","clientAddress":"285 Victoria Street, Toronto, Ontario, M5B 1W1","projectNumber":"68742","waterStaining":"No","areaSquareFeet":"","isLeadAssessed":"No","projectAddress":"285 Victoria Street, Toronto, Ontario, M5B 1W1","silicaObserved":"No","technicianName":"Jack Reacher","areaDescription":"","contactPosition":"","mercuryObserved":"No","technicianEmail":"reacher@yopmail.com","technicianPhone":"9874563211","technicianTitle":"Technician","hidLightsPresent":"No","specificLocation":"SpecificLocation","clientCompanyName":"Toronto Metropolitan University","droppingsObserved":"No","isAsbestosAssessed":"No","fluorescentFixtures":"No","technicianSignature":"https://safetech-dev-images.s3.ca-central-1.amazonaws.com/profiles/1760435992852-signature.png","wallMountedCapacitor":"No","capacitorLeakageSigns":"No","recentLightingRetrofit":"No","liquidFilledTransformer":"No","pestInfestationObserved":"No","transformerLeakageSigns":"No","isThereEmergencyLighting":"No","fireExtinguishingEquipment":"No"},"liquidFilledTransformer":"No","pestInfestationObserved":"No","transformerLeakageSigns":"No","buildingConstructionYear":"Before 1980","isThereEmergencyLighting":"No","fireExtinguishingEquipment":"No"}},{"id":"area-3-1761542940647","name":"KHN 107","areaNumber":3,"assessments":{"floor":"","pmName":"David Martinez","endDate":"2025-10-31","pmEmail":"david.martinez754@yopmail.com","pmPhone":"730-739-8597","areaName":"KHN 107","areaPhoto":[],"startDate":"2025-10-27","moldGrowth":"No","contactName":"PrimaryContactFirstName PrimaryContactLastName","odsObserved":"No","pcbObserved":"No","projectName":"Window Replacement Project (Phase 1)","contactEmail":"chris+reporttest@dastech.ca","contactPhone":"416-555-5555","areThereVials":"No","areaAvailable":"Yes","clientAddress":"285 Victoria Street, Toronto, Ontario, M5B 1W1","leadMaterials":[],"projectNumber":"68742","waterStaining":"No","areaSquareFeet":"","isLeadAssessed":"No","mouldMaterials":[],"projectAddress":"285 Victoria Street, Toronto, Ontario, M5B 1W1","silicaObserved":"No","technicianName":"Jack Reacher","areaDescription":"","contactPosition":"","mercuryObserved":"No","silicaMaterials":[],"technicianEmail":"reacher@yopmail.com","technicianPhone":"9874563211","technicianTitle":"Technician","hidLightsPresent":"No","mercuryMaterials":[],"specificLocation":"SpecificLocation","asbestosMaterials":[{"id":"material-1761543984640","isTile":false,"photos":[],"location":"Wall","quantity":"","sampleId":"S10044","sampleNo":"3B","condition":"Unknown","timestamp":"2025-10-27T06:29:41.671Z","friability":"Non-Friable","description":"","materialType":"","quantityType":"Square/ft","suspectedAcm":"No","customLocation":"","sampleCollected":"Yes","isCustomMaterial":true,"customMaterialName":"Smooth Plaster Finish","percentageAsbestos":"None Detected"}],"clientCompanyName":"Toronto Metropolitan University","droppingsObserved":"No","isAsbestosAssessed":"Yes","fluorescentFixtures":"No","technicianSignature":"https://safetech-dev-images.s3.ca-central-1.amazonaws.com/profiles/1760435992852-signature.png","wallMountedCapacitor":"No","capacitorLeakageSigns":"No","recentLightingRetrofit":"No","additionalEquipmentType":{"floor":"","pmName":"David Martinez","endDate":"2025-10-31","pmEmail":"david.martinez754@yopmail.com","pmPhone":"730-739-8597","areaName":"KHN 107","areaPhoto":[],"startDate":"2025-10-27","moldGrowth":"No","contactName":"Faisal  Bangash","odsObserved":"No","pcbObserved":"No","projectName":"Window Replacement Project (Phase 1)","contactEmail":"chris+reporttest@dastech.ca","contactPhone":"416-555-5555","areThereVials":"No","areaAvailable":"No","clientAddress":"285 Victoria Street, Toronto, Ontario, M5B 1W1","projectNumber":"68742","waterStaining":"No","areaSquareFeet":"","isLeadAssessed":"No","projectAddress":"285 Victoria Street, Toronto, Ontario, M5B 1W1","silicaObserved":"No","technicianName":"Jack Reacher","areaDescription":"","contactPosition":"","mercuryObserved":"No","technicianEmail":"reacher@yopmail.com","technicianPhone":"9874563211","technicianTitle":"Technician","hidLightsPresent":"No","specificLocation":"SpecificLocation","clientCompanyName":"Toronto Metropolitan University","droppingsObserved":"No","isAsbestosAssessed":"No","fluorescentFixtures":"No","technicianSignature":"https://safetech-dev-images.s3.ca-central-1.amazonaws.com/profiles/1760435992852-signature.png","wallMountedCapacitor":"No","capacitorLeakageSigns":"No","recentLightingRetrofit":"No","liquidFilledTransformer":"No","pestInfestationObserved":"No","transformerLeakageSigns":"No","isThereEmergencyLighting":"No","fireExtinguishingEquipment":"No"},"liquidFilledTransformer":"No","pestInfestationObserved":"No","transformerLeakageSigns":"No","buildingConstructionYear":"Before 1980","isThereEmergencyLighting":"No","fireExtinguishingEquipment":"No"}},{"id":"area-4-1761542958662","name":"KHE 125","areaNumber":4,"assessments":{"floor":"","pmName":"David Martinez","endDate":"2025-10-31","pmEmail":"david.martinez754@yopmail.com","pmPhone":"730-739-8597","areaName":"KHE 125","areaPhoto":[],"startDate":"2025-10-27","moldGrowth":"No","contactName":"PrimaryContactFirstName PrimaryContactLastName","odsObserved":"No","pcbObserved":"No","projectName":"Window Replacement Project (Phase 1)","contactEmail":"chris+reporttest@dastech.ca","contactPhone":"416-555-5555","areThereVials":"No","areaAvailable":"Yes","clientAddress":"285 Victoria Street, Toronto, Ontario, M5B 1W1","leadMaterials":[{"id":"material-1761548448689","photos":[],"location":"","sampleId":"S10046","sampleNo":"KHE125-L15A","timestamp":"2025-10-27T07:01:17.585Z","description":"","materialType":"","suspectedLead":"Yes","percentageLead":"0.15","sampleCollected":"Yes","isCustomMaterial":true,"customMaterialName":"Smooth Plaster Wall"}],"projectNumber":"68742","waterStaining":"No","areaSquareFeet":"","isLeadAssessed":"Yes","mouldMaterials":[],"projectAddress":"285 Victoria Street, Toronto, Ontario, M5B 1W1","silicaObserved":"No","technicianName":"Jack Reacher","areaDescription":"","contactPosition":"","mercuryObserved":"No","silicaMaterials":[],"technicianEmail":"reacher@yopmail.com","technicianPhone":"9874563211","technicianTitle":"Technician","hidLightsPresent":"No","mercuryMaterials":[],"specificLocation":"SpecificLocation","asbestosMaterials":[{"id":"material-1761544017010","isTile":false,"photos":[],"location":"Wall","quantity":"","sampleId":"S10045","sampleNo":"3C","condition":"Unknown","timestamp":"2025-10-27T06:29:57.359Z","friability":"Non-Friable","description":"","materialType":"","quantityType":"Square/ft","suspectedAcm":"No","customLocation":"","sampleCollected":"Yes","isCustomMaterial":true,"customMaterialName":"Smooth Plaster Finish","percentageAsbestos":"None Detected"}],"clientCompanyName":"Toronto Metropolitan University","droppingsObserved":"No","isAsbestosAssessed":"Yes","fluorescentFixtures":"No","technicianSignature":"https://safetech-dev-images.s3.ca-central-1.amazonaws.com/profiles/1760435992852-signature.png","wallMountedCapacitor":"No","capacitorLeakageSigns":"No","recentLightingRetrofit":"No","additionalEquipmentType":{"floor":"","pmName":"David Martinez","endDate":"2025-10-31","pmEmail":"david.martinez754@yopmail.com","pmPhone":"730-739-8597","areaName":"KHE 125","areaPhoto":[],"startDate":"2025-10-27","moldGrowth":"No","contactName":"Faisal  Bangash","odsObserved":"No","pcbObserved":"No","projectName":"Window Replacement Project (Phase 1)","contactEmail":"chris+reporttest@dastech.ca","contactPhone":"416-555-5555","areThereVials":"No","areaAvailable":"No","clientAddress":"285 Victoria Street, Toronto, Ontario, M5B 1W1","projectNumber":"68742","waterStaining":"No","areaSquareFeet":"","isLeadAssessed":"No","projectAddress":"285 Victoria Street, Toronto, Ontario, M5B 1W1","silicaObserved":"No","technicianName":"Jack Reacher","areaDescription":"","contactPosition":"","mercuryObserved":"No","technicianEmail":"reacher@yopmail.com","technicianPhone":"9874563211","technicianTitle":"Technician","hidLightsPresent":"No","specificLocation":"SpecificLocation","clientCompanyName":"Toronto Metropolitan University","droppingsObserved":"No","isAsbestosAssessed":"No","fluorescentFixtures":"No","technicianSignature":"https://safetech-dev-images.s3.ca-central-1.amazonaws.com/profiles/1760435992852-signature.png","wallMountedCapacitor":"No","capacitorLeakageSigns":"No","recentLightingRetrofit":"No","liquidFilledTransformer":"No","pestInfestationObserved":"No","transformerLeakageSigns":"No","isThereEmergencyLighting":"No","fireExtinguishingEquipment":"No"},"liquidFilledTransformer":"No","pestInfestationObserved":"No","transformerLeakageSigns":"No","buildingConstructionYear":"Before 1980","isThereEmergencyLighting":"No","fireExtinguishingEquipment":"No"}},{"id":"area-5-1761542966502","name":"KHE 129","areaNumber":5,"assessments":{"floor":"","pmName":"David Martinez","endDate":"2025-10-31","pmEmail":"david.martinez754@yopmail.com","pmPhone":"730-739-8597","areaName":"KHE 129","areaPhoto":[],"startDate":"2025-10-27","moldGrowth":"No","contactName":"PrimaryContactFirstName PrimaryContactLastName","odsObserved":"No","pcbObserved":"No","projectName":"Window Replacement Project (Phase 1)","contactEmail":"chris+reporttest@dastech.ca","contactPhone":"416-555-5555","areThereVials":"No","areaAvailable":"Yes","clientAddress":"285 Victoria Street, Toronto, Ontario, M5B 1W1","leadMaterials":[],"projectNumber":"68742","waterStaining":"No","areaSquareFeet":"","isLeadAssessed":"No","mouldMaterials":[],"projectAddress":"285 Victoria Street, Toronto, Ontario, M5B 1W1","silicaObserved":"No","technicianName":"Jack Reacher","areaDescription":"","contactPosition":"","mercuryObserved":"No","silicaMaterials":[],"technicianEmail":"reacher@yopmail.com","technicianPhone":"9874563211","technicianTitle":"Technician","hidLightsPresent":"No","mercuryMaterials":[],"specificLocation":"SpecificLocation","asbestosMaterials":[{"id":"material-1761545128229","isTile":false,"photos":[],"location":"","quantity":"","sampleId":"S10047","sampleNo":"4A","condition":"Unknown","timestamp":"2025-10-27T06:30:07.360Z","friability":"Non-Friable","description":"","materialType":"","quantityType":"Square/ft","suspectedAcm":"Yes","customLocation":"","sampleCollected":"Yes","isCustomMaterial":true,"customMaterialName":"Window Pane Caulking","percentageAsbestos":"Positive Stop ANR"},{"id":"material-1761544258658","isTile":false,"photos":[],"location":"Wall","quantity":"","sampleId":"S10048","sampleNo":"3D","condition":"Unknown","timestamp":"2025-10-27T06:30:11.484Z","friability":"Non-Friable","description":"","materialType":"","quantityType":"Square/ft","suspectedAcm":"No","customLocation":"","sampleCollected":"Yes","isCustomMaterial":true,"customMaterialName":"Smooth Plaster Finish","percentageAsbestos":"None Detected"}],"clientCompanyName":"Toronto Metropolitan University","droppingsObserved":"No","isAsbestosAssessed":"Yes","fluorescentFixtures":"No","technicianSignature":"https://safetech-dev-images.s3.ca-central-1.amazonaws.com/profiles/1760435992852-signature.png","wallMountedCapacitor":"No","capacitorLeakageSigns":"No","recentLightingRetrofit":"No","additionalEquipmentType":{"floor":"","pmName":"David Martinez","endDate":"2025-10-31","pmEmail":"david.martinez754@yopmail.com","pmPhone":"730-739-8597","areaName":"KHE 129","areaPhoto":[],"startDate":"2025-10-27","moldGrowth":"No","contactName":"Faisal  Bangash","odsObserved":"No","pcbObserved":"No","projectName":"Window Replacement Project (Phase 1)","contactEmail":"chris+reporttest@dastech.ca","contactPhone":"416-555-5555","areThereVials":"No","areaAvailable":"No","clientAddress":"285 Victoria Street, Toronto, Ontario, M5B 1W1","projectNumber":"68742","waterStaining":"No","areaSquareFeet":"","isLeadAssessed":"No","projectAddress":"285 Victoria Street, Toronto, Ontario, M5B 1W1","silicaObserved":"No","technicianName":"Jack Reacher","areaDescription":"","contactPosition":"","mercuryObserved":"No","technicianEmail":"reacher@yopmail.com","technicianPhone":"9874563211","technicianTitle":"Technician","hidLightsPresent":"No","specificLocation":"SpecificLocation","clientCompanyName":"Toronto Metropolitan University","droppingsObserved":"No","isAsbestosAssessed":"No","fluorescentFixtures":"No","technicianSignature":"https://safetech-dev-images.s3.ca-central-1.amazonaws.com/profiles/1760435992852-signature.png","wallMountedCapacitor":"No","capacitorLeakageSigns":"No","recentLightingRetrofit":"No","liquidFilledTransformer":"No","pestInfestationObserved":"No","transformerLeakageSigns":"No","isThereEmergencyLighting":"No","fireExtinguishingEquipment":"No"},"liquidFilledTransformer":"No","pestInfestationObserved":"No","transformerLeakageSigns":"No","buildingConstructionYear":"Before 1980","isThereEmergencyLighting":"No","fireExtinguishingEquipment":"No"}},{"id":"area-6-1761542973960","name":"KHN 207","areaNumber":6,"assessments":{"floor":"","pmName":"David Martinez","endDate":"2025-10-31","pmEmail":"david.martinez754@yopmail.com","pmPhone":"730-739-8597","areaName":"KHN 207","areaPhoto":[],"startDate":"2025-10-27","moldGrowth":"No","contactName":"PrimaryContactFirstName PrimaryContactLastName","odsObserved":"No","pcbObserved":"No","projectName":"Window Replacement Project (Phase 1)","contactEmail":"chris+reporttest@dastech.ca","contactPhone":"416-555-5555","areThereVials":"No","areaAvailable":"Yes","clientAddress":"285 Victoria Street, Toronto, Ontario, M5B 1W1","leadMaterials":[],"projectNumber":"68742","waterStaining":"No","areaSquareFeet":"","isLeadAssessed":"No","mouldMaterials":[],"projectAddress":"285 Victoria Street, Toronto, Ontario, M5B 1W1","silicaObserved":"No","technicianName":"Jack Reacher","areaDescription":"","contactPosition":"","mercuryObserved":"No","silicaMaterials":[],"technicianEmail":"reacher@yopmail.com","technicianPhone":"9874563211","technicianTitle":"Technician","hidLightsPresent":"No","mercuryMaterials":[],"specificLocation":"SpecificLocation","asbestosMaterials":[{"id":"material-1761544278759","isTile":false,"photos":[],"location":"Wall","quantity":"","sampleId":"S10049","sampleNo":"3E","condition":"Unknown","timestamp":"2025-10-27T06:30:26.266Z","friability":"Non-Friable","description":"","materialType":"","quantityType":"Square/ft","suspectedAcm":"No","customLocation":"","sampleCollected":"Yes","isCustomMaterial":true,"customMaterialName":"Smooth Plaster Finish","percentageAsbestos":"None Detected"}],"clientCompanyName":"Toronto Metropolitan University","droppingsObserved":"No","isAsbestosAssessed":"Yes","fluorescentFixtures":"No","technicianSignature":"https://safetech-dev-images.s3.ca-central-1.amazonaws.com/profiles/1760435992852-signature.png","wallMountedCapacitor":"No","capacitorLeakageSigns":"No","recentLightingRetrofit":"No","additionalEquipmentType":{"floor":"","pmName":"David Martinez","endDate":"2025-10-31","pmEmail":"david.martinez754@yopmail.com","pmPhone":"730-739-8597","areaName":"KHN 207","areaPhoto":[],"startDate":"2025-10-27","moldGrowth":"No","contactName":"Faisal  Bangash","odsObserved":"No","pcbObserved":"No","projectName":"Window Replacement Project (Phase 1)","contactEmail":"chris+reporttest@dastech.ca","contactPhone":"416-555-5555","areThereVials":"No","areaAvailable":"No","clientAddress":"285 Victoria Street, Toronto, Ontario, M5B 1W1","projectNumber":"68742","waterStaining":"No","areaSquareFeet":"","isLeadAssessed":"No","projectAddress":"285 Victoria Street, Toronto, Ontario, M5B 1W1","silicaObserved":"No","technicianName":"Jack Reacher","areaDescription":"","contactPosition":"","mercuryObserved":"No","technicianEmail":"reacher@yopmail.com","technicianPhone":"9874563211","technicianTitle":"Technician","hidLightsPresent":"No","specificLocation":"SpecificLocation","clientCompanyName":"Toronto Metropolitan University","droppingsObserved":"No","isAsbestosAssessed":"No","fluorescentFixtures":"No","technicianSignature":"https://safetech-dev-images.s3.ca-central-1.amazonaws.com/profiles/1760435992852-signature.png","wallMountedCapacitor":"No","capacitorLeakageSigns":"No","recentLightingRetrofit":"No","liquidFilledTransformer":"No","pestInfestationObserved":"No","transformerLeakageSigns":"No","isThereEmergencyLighting":"No","fireExtinguishingEquipment":"No"},"liquidFilledTransformer":"No","pestInfestationObserved":"No","transformerLeakageSigns":"No","buildingConstructionYear":"Before 1980","isThereEmergencyLighting":"No","fireExtinguishingEquipment":"No"}},{"id":"area-7-1761542983460","name":"KHN 307","areaNumber":7,"assessments":{"floor":"","pmName":"David Martinez","endDate":"2025-10-31","pmEmail":"david.martinez754@yopmail.com","pmPhone":"730-739-8597","areaName":"KHN 307","areaPhoto":[],"startDate":"2025-10-27","moldGrowth":"No","contactName":"PrimaryContactFirstName PrimaryContactLastName","odsObserved":"No","pcbObserved":"No","projectName":"Window Replacement Project (Phase 1)","contactEmail":"chris+reporttest@dastech.ca","contactPhone":"416-555-5555","areThereVials":"No","areaAvailable":"Yes","clientAddress":"285 Victoria Street, Toronto, Ontario, M5B 1W1","leadMaterials":[],"projectNumber":"68742","waterStaining":"No","areaSquareFeet":"","isLeadAssessed":"No","mouldMaterials":[],"projectAddress":"285 Victoria Street, Toronto, Ontario, M5B 1W1","silicaObserved":"No","technicianName":"Jack Reacher","areaDescription":"","contactPosition":"","mercuryObserved":"No","silicaMaterials":[],"technicianEmail":"reacher@yopmail.com","technicianPhone":"9874563211","technicianTitle":"Technician","hidLightsPresent":"No","mercuryMaterials":[],"specificLocation":"SpecificLocation","asbestosMaterials":[{"id":"material-1761544301984","isTile":false,"photos":[],"location":"Wall","quantity":"","sampleId":"S10050","sampleNo":"3F","condition":"Unknown","timestamp":"2025-10-27T06:30:40.452Z","friability":"Non-Friable","description":"","materialType":"","quantityType":"Square/ft","suspectedAcm":"No","customLocation":"","sampleCollected":"Yes","isCustomMaterial":true,"customMaterialName":"Smooth Plaster Finish","percentageAsbestos":"None Detected"}],"clientCompanyName":"Toronto Metropolitan University","droppingsObserved":"No","isAsbestosAssessed":"Yes","fluorescentFixtures":"No","technicianSignature":"https://safetech-dev-images.s3.ca-central-1.amazonaws.com/profiles/1760435992852-signature.png","wallMountedCapacitor":"No","capacitorLeakageSigns":"No","recentLightingRetrofit":"No","additionalEquipmentType":{"floor":"","pmName":"David Martinez","endDate":"2025-10-31","pmEmail":"david.martinez754@yopmail.com","pmPhone":"730-739-8597","areaName":"KHN 307","areaPhoto":[],"startDate":"2025-10-27","moldGrowth":"No","contactName":"Faisal  Bangash","odsObserved":"No","pcbObserved":"No","projectName":"Window Replacement Project (Phase 1)","contactEmail":"chris+reporttest@dastech.ca","contactPhone":"416-555-5555","areThereVials":"No","areaAvailable":"No","clientAddress":"285 Victoria Street, Toronto, Ontario, M5B 1W1","projectNumber":"68742","waterStaining":"No","areaSquareFeet":"","isLeadAssessed":"No","projectAddress":"285 Victoria Street, Toronto, Ontario, M5B 1W1","silicaObserved":"No","technicianName":"Jack Reacher","areaDescription":"","contactPosition":"","mercuryObserved":"No","technicianEmail":"reacher@yopmail.com","technicianPhone":"9874563211","technicianTitle":"Technician","hidLightsPresent":"No","specificLocation":"SpecificLocation","clientCompanyName":"Toronto Metropolitan University","droppingsObserved":"No","isAsbestosAssessed":"No","fluorescentFixtures":"No","technicianSignature":"https://safetech-dev-images.s3.ca-central-1.amazonaws.com/profiles/1760435992852-signature.png","wallMountedCapacitor":"No","capacitorLeakageSigns":"No","recentLightingRetrofit":"No","liquidFilledTransformer":"No","pestInfestationObserved":"No","transformerLeakageSigns":"No","isThereEmergencyLighting":"No","fireExtinguishingEquipment":"No"},"liquidFilledTransformer":"No","pestInfestationObserved":"No","transformerLeakageSigns":"No","buildingConstructionYear":"Before 1980","isThereEmergencyLighting":"No","fireExtinguishingEquipment":"No"}},{"id":"area-8-1761542993108","name":"KHN 111","areaNumber":8,"assessments":{"floor":"","pmName":"David Martinez","endDate":"2025-10-31","pmEmail":"david.martinez754@yopmail.com","pmPhone":"730-739-8597","areaName":"KHN 111","areaPhoto":[],"startDate":"2025-10-27","moldGrowth":"No","contactName":"PrimaryContactFirstName PrimaryContactLastName","odsObserved":"No","pcbObserved":"No","projectName":"Window Replacement Project (Phase 1)","contactEmail":"chris+reporttest@dastech.ca","contactPhone":"416-555-5555","areThereVials":"No","areaAvailable":"Yes","clientAddress":"285 Victoria Street, Toronto, Ontario, M5B 1W1","leadMaterials":[],"projectNumber":"68742","waterStaining":"No","areaSquareFeet":"","isLeadAssessed":"No","mouldMaterials":[],"projectAddress":"285 Victoria Street, Toronto, Ontario, M5B 1W1","silicaObserved":"No","technicianName":"Jack Reacher","areaDescription":"","contactPosition":"","mercuryObserved":"No","silicaMaterials":[],"technicianEmail":"reacher@yopmail.com","technicianPhone":"9874563211","technicianTitle":"Technician","hidLightsPresent":"No","mercuryMaterials":[],"specificLocation":"SpecificLocation","asbestosMaterials":[{"id":"material-1761547329939","isTile":false,"photos":[],"location":"","quantity":"","sampleId":"S10051","sampleNo":"12A","condition":"Unknown","timestamp":"2025-10-27T06:42:20.982Z","friability":"Non-Friable","description":"","materialType":"Concrete Block Mortar","quantityType":"Square/ft","suspectedAcm":"Yes","customLocation":"","sampleCollected":"Yes","isCustomMaterial":true,"customMaterialName":"Concrete Block Mortar"},{"id":"material-1761544348907","isTile":false,"photos":[],"location":"Other","quantity":"","sampleId":"S10052","sampleNo":"2B","condition":"Unknown","timestamp":"2025-10-27T06:30:54.546Z","friability":"Non-Friable","description":"","materialType":"Drywall Joint Compound","quantityType":"Square/ft","suspectedAcm":"No","customLocation":"Horizontal Bulkhead","sampleCollected":"Yes","isCustomMaterial":false,"customMaterialName":"Drywall Joint Compound","percentageAsbestos":"None Detected"}],"clientCompanyName":"Toronto Metropolitan University","droppingsObserved":"No","isAsbestosAssessed":"Yes","fluorescentFixtures":"No","technicianSignature":"https://safetech-dev-images.s3.ca-central-1.amazonaws.com/profiles/1760435992852-signature.png","wallMountedCapacitor":"No","capacitorLeakageSigns":"No","recentLightingRetrofit":"No","additionalEquipmentType":{"floor":"","pmName":"David Martinez","endDate":"2025-10-31","pmEmail":"david.martinez754@yopmail.com","pmPhone":"730-739-8597","areaName":"KHN 111","areaPhoto":[],"startDate":"2025-10-27","moldGrowth":"No","contactName":"Faisal  Bangash","odsObserved":"No","pcbObserved":"No","projectName":"Window Replacement Project (Phase 1)","contactEmail":"chris+reporttest@dastech.ca","contactPhone":"416-555-5555","areThereVials":"No","areaAvailable":"No","clientAddress":"285 Victoria Street, Toronto, Ontario, M5B 1W1","projectNumber":"68742","waterStaining":"No","areaSquareFeet":"","isLeadAssessed":"No","projectAddress":"285 Victoria Street, Toronto, Ontario, M5B 1W1","silicaObserved":"No","technicianName":"Jack Reacher","areaDescription":"","contactPosition":"","mercuryObserved":"No","technicianEmail":"reacher@yopmail.com","technicianPhone":"9874563211","technicianTitle":"Technician","hidLightsPresent":"No","specificLocation":"SpecificLocation","clientCompanyName":"Toronto Metropolitan University","droppingsObserved":"No","isAsbestosAssessed":"No","fluorescentFixtures":"No","technicianSignature":"https://safetech-dev-images.s3.ca-central-1.amazonaws.com/profiles/1760435992852-signature.png","wallMountedCapacitor":"No","capacitorLeakageSigns":"No","recentLightingRetrofit":"No","liquidFilledTransformer":"No","pestInfestationObserved":"No","transformerLeakageSigns":"No","isThereEmergencyLighting":"No","fireExtinguishingEquipment":"No"},"liquidFilledTransformer":"No","pestInfestationObserved":"No","transformerLeakageSigns":"No","buildingConstructionYear":"Before 1980","isThereEmergencyLighting":"No","fireExtinguishingEquipment":"No"}},{"id":"area-9-1761543010172","name":"KHE133","areaNumber":9,"assessments":{"floor":"","pmName":"David Martinez","endDate":"2025-10-31","pmEmail":"david.martinez754@yopmail.com","pmPhone":"730-739-8597","areaName":"KHE133","areaPhoto":[],"startDate":"2025-10-27","moldGrowth":"No","contactName":"PrimaryContactFirstName PrimaryContactLastName","odsObserved":"No","pcbObserved":"No","projectName":"Window Replacement Project (Phase 1)","contactEmail":"chris+reporttest@dastech.ca","contactPhone":"416-555-5555","areThereVials":"No","areaAvailable":"Yes","clientAddress":"285 Victoria Street, Toronto, Ontario, M5B 1W1","leadMaterials":[],"projectNumber":"68742","waterStaining":"No","areaSquareFeet":"","isLeadAssessed":"No","mouldMaterials":[],"projectAddress":"285 Victoria Street, Toronto, Ontario, M5B 1W1","silicaObserved":"No","technicianName":"Jack Reacher","areaDescription":"","contactPosition":"","mercuryObserved":"No","silicaMaterials":[],"technicianEmail":"reacher@yopmail.com","technicianPhone":"9874563211","technicianTitle":"Technician","hidLightsPresent":"No","mercuryMaterials":[],"specificLocation":"SpecificLocation","asbestosMaterials":[{"id":"material-1761544521842","isTile":false,"photos":[],"location":"Wall","quantity":"","sampleId":"S10053","sampleNo":"2C","condition":"Unknown","timestamp":"2025-10-27T06:31:08.204Z","friability":"Non-Friable","description":"","materialType":"Drywall Joint Compound","quantityType":"Square/ft","suspectedAcm":"No","customLocation":"","sampleCollected":"Yes","isCustomMaterial":false,"customMaterialName":"Drywall Joint Compound","percentageAsbestos":"None Detected"}],"clientCompanyName":"Toronto Metropolitan University","droppingsObserved":"No","isAsbestosAssessed":"Yes","fluorescentFixtures":"No","technicianSignature":"https://safetech-dev-images.s3.ca-central-1.amazonaws.com/profiles/1760435992852-signature.png","wallMountedCapacitor":"No","capacitorLeakageSigns":"No","recentLightingRetrofit":"No","additionalEquipmentType":{"floor":"","pmName":"David Martinez","endDate":"2025-10-31","pmEmail":"david.martinez754@yopmail.com","pmPhone":"730-739-8597","areaName":"KHE133","areaPhoto":[],"startDate":"2025-10-27","moldGrowth":"No","contactName":"Faisal  Bangash","odsObserved":"No","pcbObserved":"No","projectName":"Window Replacement Project (Phase 1)","contactEmail":"chris+reporttest@dastech.ca","contactPhone":"416-555-5555","areThereVials":"No","areaAvailable":"No","clientAddress":"285 Victoria Street, Toronto, Ontario, M5B 1W1","projectNumber":"68742","waterStaining":"No","areaSquareFeet":"","isLeadAssessed":"No","projectAddress":"285 Victoria Street, Toronto, Ontario, M5B 1W1","silicaObserved":"No","technicianName":"Jack Reacher","areaDescription":"","contactPosition":"","mercuryObserved":"No","technicianEmail":"reacher@yopmail.com","technicianPhone":"9874563211","technicianTitle":"Technician","hidLightsPresent":"No","specificLocation":"SpecificLocation","clientCompanyName":"Toronto Metropolitan University","droppingsObserved":"No","isAsbestosAssessed":"No","fluorescentFixtures":"No","technicianSignature":"https://safetech-dev-images.s3.ca-central-1.amazonaws.com/profiles/1760435992852-signature.png","wallMountedCapacitor":"No","capacitorLeakageSigns":"No","recentLightingRetrofit":"No","liquidFilledTransformer":"No","pestInfestationObserved":"No","transformerLeakageSigns":"No","isThereEmergencyLighting":"No","fireExtinguishingEquipment":"No"},"liquidFilledTransformer":"No","pestInfestationObserved":"No","transformerLeakageSigns":"No","buildingConstructionYear":"Before 1980","isThereEmergencyLighting":"No","fireExtinguishingEquipment":"No"}},{"id":"area-10-1761543019239","name":"KHN 307","areaNumber":10,"assessments":{"floor":"","pmName":"David Martinez","endDate":"2025-10-31","pmEmail":"david.martinez754@yopmail.com","pmPhone":"730-739-8597","areaName":"KHN 307","areaPhoto":[],"startDate":"2025-10-27","moldGrowth":"No","contactName":"PrimaryContactFirstName PrimaryContactLastName","odsObserved":"No","pcbObserved":"No","projectName":"Window Replacement Project (Phase 1)","contactEmail":"chris+reporttest@dastech.ca","contactPhone":"416-555-5555","areThereVials":"No","areaAvailable":"Yes","clientAddress":"285 Victoria Street, Toronto, Ontario, M5B 1W1","leadMaterials":[],"projectNumber":"68742","waterStaining":"No","areaSquareFeet":"","isLeadAssessed":"No","mouldMaterials":[],"projectAddress":"285 Victoria Street, Toronto, Ontario, M5B 1W1","silicaObserved":"No","technicianName":"Jack Reacher","areaDescription":"","contactPosition":"","mercuryObserved":"No","silicaMaterials":[],"technicianEmail":"reacher@yopmail.com","technicianPhone":"9874563211","technicianTitle":"Technician","hidLightsPresent":"No","mercuryMaterials":[],"specificLocation":"SpecificLocation","asbestosMaterials":[{"id":"material-1761544569497","isTile":false,"photos":[],"location":"Ceiling","quantity":"","sampleId":"S10054","sampleNo":"2D","condition":"Unknown","timestamp":"2025-10-27T06:31:24.047Z","friability":"Non-Friable","description":"","materialType":"Drywall Joint Compound","quantityType":"Square/ft","suspectedAcm":"No","customLocation":"","sampleCollected":"Yes","isCustomMaterial":false,"customMaterialName":"Drywall Joint Compound","percentageAsbestos":"None Detected"}],"clientCompanyName":"Toronto Metropolitan University","droppingsObserved":"No","isAsbestosAssessed":"Yes","fluorescentFixtures":"No","technicianSignature":"https://safetech-dev-images.s3.ca-central-1.amazonaws.com/profiles/1760435992852-signature.png","wallMountedCapacitor":"No","capacitorLeakageSigns":"No","recentLightingRetrofit":"No","additionalEquipmentType":{"floor":"","pmName":"David Martinez","endDate":"2025-10-31","pmEmail":"david.martinez754@yopmail.com","pmPhone":"730-739-8597","areaName":"KHN 307","areaPhoto":[],"startDate":"2025-10-27","moldGrowth":"No","contactName":"Faisal  Bangash","odsObserved":"No","pcbObserved":"No","projectName":"Window Replacement Project (Phase 1)","contactEmail":"chris+reporttest@dastech.ca","contactPhone":"416-555-5555","areThereVials":"No","areaAvailable":"No","clientAddress":"285 Victoria Street, Toronto, Ontario, M5B 1W1","projectNumber":"68742","waterStaining":"No","areaSquareFeet":"","isLeadAssessed":"No","projectAddress":"285 Victoria Street, Toronto, Ontario, M5B 1W1","silicaObserved":"No","technicianName":"Jack Reacher","areaDescription":"","contactPosition":"","mercuryObserved":"No","technicianEmail":"reacher@yopmail.com","technicianPhone":"9874563211","technicianTitle":"Technician","hidLightsPresent":"No","specificLocation":"SpecificLocation","clientCompanyName":"Toronto Metropolitan University","droppingsObserved":"No","isAsbestosAssessed":"No","fluorescentFixtures":"No","technicianSignature":"https://safetech-dev-images.s3.ca-central-1.amazonaws.com/profiles/1760435992852-signature.png","wallMountedCapacitor":"No","capacitorLeakageSigns":"No","recentLightingRetrofit":"No","liquidFilledTransformer":"No","pestInfestationObserved":"No","transformerLeakageSigns":"No","isThereEmergencyLighting":"No","fireExtinguishingEquipment":"No"},"liquidFilledTransformer":"No","pestInfestationObserved":"No","transformerLeakageSigns":"No","buildingConstructionYear":"Before 1980","isThereEmergencyLighting":"No","fireExtinguishingEquipment":"No"}},{"id":"area-11-1761543037902","name":"Church Street, Quadrant 3","areaNumber":11,"assessments":{"floor":"","pmName":"David Martinez","endDate":"2025-10-31","pmEmail":"david.martinez754@yopmail.com","pmPhone":"730-739-8597","areaName":"Church Street, Quadrant 3","areaPhoto":[],"startDate":"2025-10-27","moldGrowth":"No","contactName":"PrimaryContactFirstName PrimaryContactLastName","odsObserved":"No","pcbObserved":"No","projectName":"Window Replacement Project (Phase 1)","contactEmail":"chris+reporttest@dastech.ca","contactPhone":"416-555-5555","areThereVials":"No","areaAvailable":"Yes","clientAddress":"285 Victoria Street, Toronto, Ontario, M5B 1W1","leadMaterials":[],"projectNumber":"68742","waterStaining":"No","areaSquareFeet":"","isLeadAssessed":"No","mouldMaterials":[],"projectAddress":"285 Victoria Street, Toronto, Ontario, M5B 1W1","silicaObserved":"No","technicianName":"Jack Reacher","areaDescription":"","contactPosition":"","mercuryObserved":"No","silicaMaterials":[],"technicianEmail":"reacher@yopmail.com","technicianPhone":"9874563211","technicianTitle":"Technician","hidLightsPresent":"No","mercuryMaterials":[],"specificLocation":"SpecificLocation","asbestosMaterials":[{"id":"material-1761547133283","isTile":false,"photos":[],"location":"","quantity":"","sampleId":"S10055","sampleNo":"10A","condition":"Unknown","timestamp":"2025-10-27T06:39:15.641Z","friability":"Non-Friable","description":"","materialType":"","quantityType":"Square/ft","suspectedAcm":"No","customLocation":"","sampleCollected":"Yes","isCustomMaterial":true,"customMaterialName":"Stone Grout","percentageAsbestos":"None Detected"},{"id":"material-1761547064265","isTile":false,"photos":[],"location":"","quantity":"","sampleId":"S10056","sampleNo":"9A","condition":"Unknown","timestamp":"2025-10-27T06:37:50.813Z","friability":"Non-Friable","description":"","materialType":"","quantityType":"Square/ft","suspectedAcm":"No","customLocation":"","sampleCollected":"Yes","isCustomMaterial":true,"customMaterialName":"Ceramic Wall Tile Grout","percentageAsbestos":"None Detected"},{"id":"material-1761544612638","isTile":false,"photos":[],"location":"","quantity":"","sampleId":"S10057","sampleNo":"5A","condition":"Unknown","timestamp":"2025-10-27T06:31:37.922Z","friability":"Non-Friable","description":"","asbestosType":"Chrysotile","materialType":"","quantityType":"Square/ft","suspectedAcm":"Yes","customLocation":"","sampleCollected":"Yes","isCustomMaterial":true,"customMaterialName":"Window Frame Caulking","percentageAsbestos":"1.2"}],"clientCompanyName":"Toronto Metropolitan University","droppingsObserved":"No","isAsbestosAssessed":"Yes","fluorescentFixtures":"No","technicianSignature":"https://safetech-dev-images.s3.ca-central-1.amazonaws.com/profiles/1760435992852-signature.png","wallMountedCapacitor":"No","capacitorLeakageSigns":"No","recentLightingRetrofit":"No","additionalEquipmentType":{"floor":"","pmName":"David Martinez","endDate":"2025-10-31","pmEmail":"david.martinez754@yopmail.com","pmPhone":"730-739-8597","areaName":"Church Street, Quadrant 3","areaPhoto":[],"startDate":"2025-10-27","moldGrowth":"No","contactName":"Faisal  Bangash","odsObserved":"No","pcbObserved":"No","projectName":"Window Replacement Project (Phase 1)","contactEmail":"chris+reporttest@dastech.ca","contactPhone":"416-555-5555","areThereVials":"No","areaAvailable":"No","clientAddress":"285 Victoria Street, Toronto, Ontario, M5B 1W1","projectNumber":"68742","waterStaining":"No","areaSquareFeet":"","isLeadAssessed":"No","projectAddress":"285 Victoria Street, Toronto, Ontario, M5B 1W1","silicaObserved":"No","technicianName":"Jack Reacher","areaDescription":"","contactPosition":"","mercuryObserved":"No","technicianEmail":"reacher@yopmail.com","technicianPhone":"9874563211","technicianTitle":"Technician","hidLightsPresent":"No","specificLocation":"SpecificLocation","clientCompanyName":"Toronto Metropolitan University","droppingsObserved":"No","isAsbestosAssessed":"No","fluorescentFixtures":"No","technicianSignature":"https://safetech-dev-images.s3.ca-central-1.amazonaws.com/profiles/1760435992852-signature.png","wallMountedCapacitor":"No","capacitorLeakageSigns":"No","recentLightingRetrofit":"No","liquidFilledTransformer":"No","pestInfestationObserved":"No","transformerLeakageSigns":"No","isThereEmergencyLighting":"No","fireExtinguishingEquipment":"No"},"liquidFilledTransformer":"No","pestInfestationObserved":"No","transformerLeakageSigns":"No","buildingConstructionYear":"Before 1980","isThereEmergencyLighting":"No","fireExtinguishingEquipment":"No"}},{"id":"area-12-1761543051750","name":"Church Street, Quadrant 5","areaNumber":12,"assessments":{"floor":"","pmName":"David Martinez","endDate":"2025-10-31","pmEmail":"david.martinez754@yopmail.com","pmPhone":"730-739-8597","areaName":"Church Street, Quadrant 5","areaPhoto":[],"startDate":"2025-10-27","moldGrowth":"No","contactName":"PrimaryContactFirstName PrimaryContactLastName","odsObserved":"No","pcbObserved":"No","projectName":"Window Replacement Project (Phase 1)","contactEmail":"chris+reporttest@dastech.ca","contactPhone":"416-555-5555","areThereVials":"No","areaAvailable":"Yes","clientAddress":"285 Victoria Street, Toronto, Ontario, M5B 1W1","leadMaterials":[],"projectNumber":"68742","waterStaining":"No","areaSquareFeet":"","isLeadAssessed":"No","mouldMaterials":[],"projectAddress":"285 Victoria Street, Toronto, Ontario, M5B 1W1","silicaObserved":"No","technicianName":"Jack Reacher","areaDescription":"","contactPosition":"","mercuryObserved":"No","silicaMaterials":[],"technicianEmail":"reacher@yopmail.com","technicianPhone":"9874563211","technicianTitle":"Technician","hidLightsPresent":"No","mercuryMaterials":[],"specificLocation":"SpecificLocation","asbestosMaterials":[{"id":"material-1761547614924","isTile":false,"photos":[],"location":"","quantity":"","sampleId":"S10058","sampleNo":"13A","condition":"Unknown","timestamp":"2025-10-27T06:47:10.141Z","friability":"Non-Friable","description":"","materialType":"Brick Mortar","quantityType":"Square/ft","suspectedAcm":"No","customLocation":"","sampleCollected":"Yes","isCustomMaterial":true,"customMaterialName":"Brick Mortar","percentageAsbestos":"None Detected"},{"id":"material-1761547179466","isTile":false,"photos":[],"location":"","quantity":"","sampleId":"S10059","sampleNo":"11A","condition":"Unknown","timestamp":"2025-10-27T06:39:59.532Z","friability":"Non-Friable","description":"","materialType":"","quantityType":"Square/ft","suspectedAcm":"No","customLocation":"","sampleCollected":"Yes","isCustomMaterial":true,"customMaterialName":"Fascia Mortar","percentageAsbestos":"None Detected"},{"id":"material-1761545381039","isTile":false,"photos":[],"location":"","quantity":"","sampleId":"S10060","sampleNo":"6A","condition":"Unknown","timestamp":"2025-10-27T06:31:58.424Z","friability":"Non-Friable","description":"","materialType":"","quantityType":"Square/ft","suspectedAcm":"Yes","customLocation":"","sampleCollected":"Yes","isCustomMaterial":true,"customMaterialName":"Fascia Caulking","percentageAsbestos":"Positive Stop ANR"},{"id":"material-1761544903589","isTile":false,"photos":[],"location":"","quantity":"","sampleId":"S10061","sampleNo":"4B","condition":"Unknown","timestamp":"2025-10-27T06:32:03.062Z","friability":"Non-Friable","description":"","asbestosType":"Chrysotile","materialType":"","quantityType":"Square/ft","suspectedAcm":"Yes","customLocation":"","sampleCollected":"Yes","isCustomMaterial":true,"customMaterialName":"Window Pane Caulking","percentageAsbestos":"0.56"},{"id":"material-1761544691378","isTile":false,"photos":[],"location":"","quantity":"","sampleId":"S10062","sampleNo":"5B","condition":"Unknown","timestamp":"2025-10-27T06:32:07.472Z","friability":"Non-Friable","description":"","materialType":"","quantityType":"Square/ft","suspectedAcm":"Yes","customLocation":"","sampleCollected":"Yes","isCustomMaterial":true,"customMaterialName":"Window Frame Caulking","percentageAsbestos":"Positive Stop ANR"}],"clientCompanyName":"Toronto Metropolitan University","droppingsObserved":"No","isAsbestosAssessed":"Yes","fluorescentFixtures":"No","technicianSignature":"https://safetech-dev-images.s3.ca-central-1.amazonaws.com/profiles/1760435992852-signature.png","wallMountedCapacitor":"No","capacitorLeakageSigns":"No","recentLightingRetrofit":"No","additionalEquipmentType":{"floor":"","pmName":"David Martinez","endDate":"2025-10-31","pmEmail":"david.martinez754@yopmail.com","pmPhone":"730-739-8597","areaName":"Church Street, Quadrant 5","areaPhoto":[],"startDate":"2025-10-27","moldGrowth":"No","contactName":"Faisal  Bangash","odsObserved":"No","pcbObserved":"No","projectName":"Window Replacement Project (Phase 1)","contactEmail":"chris+reporttest@dastech.ca","contactPhone":"416-555-5555","areThereVials":"No","areaAvailable":"No","clientAddress":"285 Victoria Street, Toronto, Ontario, M5B 1W1","projectNumber":"68742","waterStaining":"No","areaSquareFeet":"","isLeadAssessed":"No","projectAddress":"285 Victoria Street, Toronto, Ontario, M5B 1W1","silicaObserved":"No","technicianName":"Jack Reacher","areaDescription":"","contactPosition":"","mercuryObserved":"No","technicianEmail":"reacher@yopmail.com","technicianPhone":"9874563211","technicianTitle":"Technician","hidLightsPresent":"No","specificLocation":"SpecificLocation","clientCompanyName":"Toronto Metropolitan University","droppingsObserved":"No","isAsbestosAssessed":"No","fluorescentFixtures":"No","technicianSignature":"https://safetech-dev-images.s3.ca-central-1.amazonaws.com/profiles/1760435992852-signature.png","wallMountedCapacitor":"No","capacitorLeakageSigns":"No","recentLightingRetrofit":"No","liquidFilledTransformer":"No","pestInfestationObserved":"No","transformerLeakageSigns":"No","isThereEmergencyLighting":"No","fireExtinguishingEquipment":"No"},"liquidFilledTransformer":"No","pestInfestationObserved":"No","transformerLeakageSigns":"No","buildingConstructionYear":"Before 1980","isThereEmergencyLighting":"No","fireExtinguishingEquipment":"No"}},{"id":"area-13-1761543063632","name":"Gerrard Street, Quadrant 4","areaNumber":13,"assessments":{"floor":"","pmName":"David Martinez","endDate":"2025-10-31","pmEmail":"david.martinez754@yopmail.com","pmPhone":"730-739-8597","areaName":"Gerrard Street, Quadrant 4","areaPhoto":[],"startDate":"2025-10-27","moldGrowth":"No","contactName":"PrimaryContactFirstName PrimaryContactLastName","odsObserved":"No","pcbObserved":"No","projectName":"Window Replacement Project (Phase 1)","contactEmail":"chris+reporttest@dastech.ca","contactPhone":"416-555-5555","areThereVials":"No","areaAvailable":"Yes","clientAddress":"285 Victoria Street, Toronto, Ontario, M5B 1W1","leadMaterials":[],"projectNumber":"68742","waterStaining":"No","areaSquareFeet":"","isLeadAssessed":"No","mouldMaterials":[],"projectAddress":"285 Victoria Street, Toronto, Ontario, M5B 1W1","silicaObserved":"No","technicianName":"Jack Reacher","areaDescription":"","contactPosition":"","mercuryObserved":"No","silicaMaterials":[],"technicianEmail":"reacher@yopmail.com","technicianPhone":"9874563211","technicianTitle":"Technician","hidLightsPresent":"No","mercuryMaterials":[],"specificLocation":"SpecificLocation","asbestosMaterials":[{"id":"material-1761547672484","isTile":false,"photos":[],"location":"","quantity":"","sampleId":"S10063","sampleNo":"13B","condition":"Unknown","timestamp":"2025-10-27T06:48:01.071Z","friability":"Non-Friable","description":"","materialType":"Brick Mortar","quantityType":"Square/ft","suspectedAcm":"No","customLocation":"","sampleCollected":"Yes","isCustomMaterial":true,"customMaterialName":"Brick Mortar","percentageAsbestos":"None Detected"},{"id":"material-1761544815133","isTile":false,"photos":[],"location":"","quantity":"","sampleId":"S10064","sampleNo":"7A","condition":"Unknown","timestamp":"2025-10-27T06:32:32.171Z","friability":"Non-Friable","description":"","materialType":"","quantityType":"Square/ft","suspectedAcm":"Yes","customLocation":"","sampleCollected":"Yes","isCustomMaterial":true,"customMaterialName":"Door/Window Frame Caulking","percentageAsbestos":"Positive Stop ANR"}],"clientCompanyName":"Toronto Metropolitan University","droppingsObserved":"No","isAsbestosAssessed":"Yes","fluorescentFixtures":"No","technicianSignature":"https://safetech-dev-images.s3.ca-central-1.amazonaws.com/profiles/1760435992852-signature.png","wallMountedCapacitor":"No","capacitorLeakageSigns":"No","recentLightingRetrofit":"No","additionalEquipmentType":{"floor":"","pmName":"David Martinez","endDate":"2025-10-31","pmEmail":"david.martinez754@yopmail.com","pmPhone":"730-739-8597","areaName":"Gerrard Street, Quadrant 4","areaPhoto":[],"startDate":"2025-10-27","moldGrowth":"No","contactName":"Faisal  Bangash","odsObserved":"No","pcbObserved":"No","projectName":"Window Replacement Project (Phase 1)","contactEmail":"chris+reporttest@dastech.ca","contactPhone":"416-555-5555","areThereVials":"No","areaAvailable":"No","clientAddress":"285 Victoria Street, Toronto, Ontario, M5B 1W1","projectNumber":"68742","waterStaining":"No","areaSquareFeet":"","isLeadAssessed":"No","projectAddress":"285 Victoria Street, Toronto, Ontario, M5B 1W1","silicaObserved":"No","technicianName":"Jack Reacher","areaDescription":"","contactPosition":"","mercuryObserved":"No","technicianEmail":"reacher@yopmail.com","technicianPhone":"9874563211","technicianTitle":"Technician","hidLightsPresent":"No","specificLocation":"SpecificLocation","clientCompanyName":"Toronto Metropolitan University","droppingsObserved":"No","isAsbestosAssessed":"No","fluorescentFixtures":"No","technicianSignature":"https://safetech-dev-images.s3.ca-central-1.amazonaws.com/profiles/1760435992852-signature.png","wallMountedCapacitor":"No","capacitorLeakageSigns":"No","recentLightingRetrofit":"No","liquidFilledTransformer":"No","pestInfestationObserved":"No","transformerLeakageSigns":"No","isThereEmergencyLighting":"No","fireExtinguishingEquipment":"No"},"liquidFilledTransformer":"No","pestInfestationObserved":"No","transformerLeakageSigns":"No","buildingConstructionYear":"Before 1980","isThereEmergencyLighting":"No","fireExtinguishingEquipment":"No"}},{"id":"area-14-1761543099313","name":"Gerrard Street, Quadrant 2","areaNumber":14,"assessments":{"floor":"","pmName":"David Martinez","endDate":"2025-10-31","pmEmail":"david.martinez754@yopmail.com","pmPhone":"730-739-8597","areaName":"Gerrard Street, Quadrant 2","areaPhoto":[],"startDate":"2025-10-27","moldGrowth":"No","contactName":"PrimaryContactFirstName PrimaryContactLastName","odsObserved":"No","pcbObserved":"No","projectName":"Window Replacement Project (Phase 1)","contactEmail":"chris+reporttest@dastech.ca","contactPhone":"416-555-5555","areThereVials":"No","areaAvailable":"Yes","clientAddress":"285 Victoria Street, Toronto, Ontario, M5B 1W1","leadMaterials":[],"projectNumber":"68742","waterStaining":"No","areaSquareFeet":"","isLeadAssessed":"No","mouldMaterials":[],"projectAddress":"285 Victoria Street, Toronto, Ontario, M5B 1W1","silicaObserved":"No","technicianName":"Jack Reacher","areaDescription":"","contactPosition":"","mercuryObserved":"No","silicaMaterials":[],"technicianEmail":"reacher@yopmail.com","technicianPhone":"9874563211","technicianTitle":"Technician","hidLightsPresent":"No","mercuryMaterials":[],"specificLocation":"SpecificLocation","asbestosMaterials":[{"id":"material-1761545354404","isTile":false,"photos":[],"location":"","quantity":"","sampleId":"S10065","sampleNo":"6B","condition":"Unknown","timestamp":"2025-10-27T06:32:47.405Z","friability":"Non-Friable","description":"","materialType":"","quantityType":"Square/ft","suspectedAcm":"Yes","customLocation":"","sampleCollected":"Yes","isCustomMaterial":true,"customMaterialName":"Fascia Caulking","percentageAsbestos":"Positive Stop ANR"},{"id":"material-1761545095069","isTile":false,"photos":[],"location":"","quantity":"","sampleId":"S10066","sampleNo":"4C","condition":"Unknown","timestamp":"2025-10-27T06:32:51.860Z","friability":"Non-Friable","description":"","materialType":"","quantityType":"Square/ft","suspectedAcm":"Yes","customLocation":"","sampleCollected":"Yes","isCustomMaterial":true,"customMaterialName":"Window Pane Caulking","percentageAsbestos":"Positive Stop ANR"}],"clientCompanyName":"Toronto Metropolitan University","droppingsObserved":"No","isAsbestosAssessed":"Yes","fluorescentFixtures":"No","technicianSignature":"https://safetech-dev-images.s3.ca-central-1.amazonaws.com/profiles/1760435992852-signature.png","wallMountedCapacitor":"No","capacitorLeakageSigns":"No","recentLightingRetrofit":"No","additionalEquipmentType":{"floor":"","pmName":"David Martinez","endDate":"2025-10-31","pmEmail":"david.martinez754@yopmail.com","pmPhone":"730-739-8597","areaName":"Gerrard Street, Quadrant 2","areaPhoto":[],"startDate":"2025-10-27","moldGrowth":"No","contactName":"Faisal  Bangash","odsObserved":"No","pcbObserved":"No","projectName":"Window Replacement Project (Phase 1)","contactEmail":"chris+reporttest@dastech.ca","contactPhone":"416-555-5555","areThereVials":"No","areaAvailable":"No","clientAddress":"285 Victoria Street, Toronto, Ontario, M5B 1W1","projectNumber":"68742","waterStaining":"No","areaSquareFeet":"","isLeadAssessed":"No","projectAddress":"285 Victoria Street, Toronto, Ontario, M5B 1W1","silicaObserved":"No","technicianName":"Jack Reacher","areaDescription":"","contactPosition":"","mercuryObserved":"No","technicianEmail":"reacher@yopmail.com","technicianPhone":"9874563211","technicianTitle":"Technician","hidLightsPresent":"No","specificLocation":"SpecificLocation","clientCompanyName":"Toronto Metropolitan University","droppingsObserved":"No","isAsbestosAssessed":"No","fluorescentFixtures":"No","technicianSignature":"https://safetech-dev-images.s3.ca-central-1.amazonaws.com/profiles/1760435992852-signature.png","wallMountedCapacitor":"No","capacitorLeakageSigns":"No","recentLightingRetrofit":"No","liquidFilledTransformer":"No","pestInfestationObserved":"No","transformerLeakageSigns":"No","isThereEmergencyLighting":"No","fireExtinguishingEquipment":"No"},"liquidFilledTransformer":"No","pestInfestationObserved":"No","transformerLeakageSigns":"No","buildingConstructionYear":"Before 1980","isThereEmergencyLighting":"No","fireExtinguishingEquipment":"No"}},{"id":"area-15-1761543216764","name":"Gerrard Street, Quadrant 1","areaNumber":15,"assessments":{"floor":"","pmName":"David Martinez","endDate":"2025-10-31","pmEmail":"david.martinez754@yopmail.com","pmPhone":"730-739-8597","areaName":"Gerrard Street, Quadrant 1","areaPhoto":[],"startDate":"2025-10-27","moldGrowth":"No","contactName":"PrimaryContactFirstName PrimaryContactLastName","odsObserved":"No","pcbObserved":"No","projectName":"Window Replacement Project (Phase 1)","contactEmail":"chris+reporttest@dastech.ca","contactPhone":"416-555-5555","areThereVials":"No","areaAvailable":"Yes","clientAddress":"285 Victoria Street, Toronto, Ontario, M5B 1W1","leadMaterials":[],"projectNumber":"68742","waterStaining":"No","areaSquareFeet":"","isLeadAssessed":"No","mouldMaterials":[],"projectAddress":"285 Victoria Street, Toronto, Ontario, M5B 1W1","silicaObserved":"No","technicianName":"Jack Reacher","areaDescription":"","contactPosition":"","mercuryObserved":"No","silicaMaterials":[],"technicianEmail":"reacher@yopmail.com","technicianPhone":"9874563211","technicianTitle":"Technician","hidLightsPresent":"No","mercuryMaterials":[],"specificLocation":"SpecificLocation","asbestosMaterials":[{"id":"material-1761547651360","isTile":false,"photos":[],"location":"","quantity":"","sampleId":"S10067","sampleNo":"13C","condition":"Unknown","timestamp":"2025-10-27T06:47:38.375Z","friability":"Non-Friable","description":"","materialType":"Brick Mortar","quantityType":"Square/ft","suspectedAcm":"No","customLocation":"","sampleCollected":"Yes","isCustomMaterial":true,"customMaterialName":"Brick Mortar","percentageAsbestos":"None Detected"},{"id":"material-1761547213812","isTile":false,"photos":[],"location":"","quantity":"","sampleId":"S10068","sampleNo":"11B","condition":"Unknown","timestamp":"2025-10-27T06:40:25.113Z","friability":"Non-Friable","description":"","materialType":"","quantityType":"Square/ft","suspectedAcm":"No","customLocation":"","sampleCollected":"Yes","isCustomMaterial":true,"customMaterialName":"Fascia Mortar","percentageAsbestos":"None Detected"},{"id":"material-1761546832953","isTile":false,"photos":[],"location":"","quantity":"","sampleId":"S10069","sampleNo":"8A","condition":"Unknown","timestamp":"2025-10-27T06:34:32.249Z","friability":"Non-Friable","description":"","materialType":"","quantityType":"Square/ft","suspectedAcm":"No","customLocation":"","sampleCollected":"Yes","isCustomMaterial":true,"customMaterialName":"Window Pane Putty","percentageAsbestos":"None Detected"},{"id":"material-1761545288984","isTile":false,"photos":[],"location":"","quantity":"","sampleId":"S10070","sampleNo":"6C","condition":"Unknown","timestamp":"2025-10-27T06:33:04.116Z","friability":"Non-Friable","description":"","asbestosType":"Chrysotile","materialType":"","quantityType":"Square/ft","suspectedAcm":"Yes","customLocation":"","sampleCollected":"Yes","isCustomMaterial":true,"customMaterialName":"Fascia Caulking","percentageAsbestos":"1.2"}],"clientCompanyName":"Toronto Metropolitan University","droppingsObserved":"No","isAsbestosAssessed":"Yes","fluorescentFixtures":"No","technicianSignature":"https://safetech-dev-images.s3.ca-central-1.amazonaws.com/profiles/1760435992852-signature.png","wallMountedCapacitor":"No","capacitorLeakageSigns":"No","recentLightingRetrofit":"No","additionalEquipmentType":{"floor":"","pmName":"David Martinez","endDate":"2025-10-31","pmEmail":"david.martinez754@yopmail.com","pmPhone":"730-739-8597","areaName":"Gerrard Street, Quadrant 1","areaPhoto":[],"startDate":"2025-10-27","moldGrowth":"No","contactName":"Faisal  Bangash","odsObserved":"No","pcbObserved":"No","projectName":"Window Replacement Project (Phase 1)","contactEmail":"chris+reporttest@dastech.ca","contactPhone":"416-555-5555","areThereVials":"No","areaAvailable":"No","clientAddress":"285 Victoria Street, Toronto, Ontario, M5B 1W1","projectNumber":"68742","waterStaining":"No","areaSquareFeet":"","isLeadAssessed":"No","projectAddress":"285 Victoria Street, Toronto, Ontario, M5B 1W1","silicaObserved":"No","technicianName":"Jack Reacher","areaDescription":"","contactPosition":"","mercuryObserved":"No","technicianEmail":"reacher@yopmail.com","technicianPhone":"9874563211","technicianTitle":"Technician","hidLightsPresent":"No","specificLocation":"SpecificLocation","clientCompanyName":"Toronto Metropolitan University","droppingsObserved":"No","isAsbestosAssessed":"No","fluorescentFixtures":"No","technicianSignature":"https://safetech-dev-images.s3.ca-central-1.amazonaws.com/profiles/1760435992852-signature.png","wallMountedCapacitor":"No","capacitorLeakageSigns":"No","recentLightingRetrofit":"No","liquidFilledTransformer":"No","pestInfestationObserved":"No","transformerLeakageSigns":"No","isThereEmergencyLighting":"No","fireExtinguishingEquipment":"No"},"liquidFilledTransformer":"No","pestInfestationObserved":"No","transformerLeakageSigns":"No","buildingConstructionYear":"Before 1980","isThereEmergencyLighting":"No","fireExtinguishingEquipment":"No"}},{"id":"area-16-1761543413888","name":"Church Street, Quadrant 2","areaNumber":16,"assessments":{"floor":"","pmName":"David Martinez","endDate":"2025-10-31","pmEmail":"david.martinez754@yopmail.com","pmPhone":"730-739-8597","areaName":"Church Street, Quadrant 2","areaPhoto":[],"startDate":"2025-10-27","moldGrowth":"No","contactName":"PrimaryContactFirstName PrimaryContactLastName","odsObserved":"No","pcbObserved":"No","projectName":"Window Replacement Project (Phase 1)","contactEmail":"chris+reporttest@dastech.ca","contactPhone":"416-555-5555","areThereVials":"No","areaAvailable":"Yes","clientAddress":"285 Victoria Street, Toronto, Ontario, M5B 1W1","leadMaterials":[],"projectNumber":"68742","waterStaining":"No","areaSquareFeet":"","isLeadAssessed":"No","mouldMaterials":[],"projectAddress":"285 Victoria Street, Toronto, Ontario, M5B 1W1","silicaObserved":"No","technicianName":"Jack Reacher","areaDescription":"","contactPosition":"","mercuryObserved":"No","silicaMaterials":[],"technicianEmail":"reacher@yopmail.com","technicianPhone":"9874563211","technicianTitle":"Technician","hidLightsPresent":"No","mercuryMaterials":[],"specificLocation":"SpecificLocation","asbestosMaterials":[{"id":"material-1761546900834","isTile":false,"photos":[],"location":"","quantity":"","sampleId":"S10071","sampleNo":"8B","condition":"Unknown","timestamp":"2025-10-27T06:35:08.235Z","friability":"Non-Friable","description":"","materialType":"","quantityType":"Square/ft","suspectedAcm":"No","customLocation":"","sampleCollected":"Yes","isCustomMaterial":true,"customMaterialName":"Window Pane Putty","percentageAsbestos":"None Detected"}],"clientCompanyName":"Toronto Metropolitan University","droppingsObserved":"No","isAsbestosAssessed":"Yes","fluorescentFixtures":"No","technicianSignature":"https://safetech-dev-images.s3.ca-central-1.amazonaws.com/profiles/1760435992852-signature.png","wallMountedCapacitor":"No","capacitorLeakageSigns":"No","recentLightingRetrofit":"No","additionalEquipmentType":{"floor":"","pmName":"David Martinez","endDate":"2025-10-31","pmEmail":"david.martinez754@yopmail.com","pmPhone":"730-739-8597","areaName":"Church Street, Quadrant 2","areaPhoto":[],"startDate":"2025-10-27","moldGrowth":"No","contactName":"Faisal  Bangash","odsObserved":"No","pcbObserved":"No","projectName":"Window Replacement Project (Phase 1)","contactEmail":"chris+reporttest@dastech.ca","contactPhone":"416-555-5555","areThereVials":"No","areaAvailable":"No","clientAddress":"285 Victoria Street, Toronto, Ontario, M5B 1W1","projectNumber":"68742","waterStaining":"No","areaSquareFeet":"","isLeadAssessed":"No","projectAddress":"285 Victoria Street, Toronto, Ontario, M5B 1W1","silicaObserved":"No","technicianName":"Jack Reacher","areaDescription":"","contactPosition":"","mercuryObserved":"No","technicianEmail":"reacher@yopmail.com","technicianPhone":"9874563211","technicianTitle":"Technician","hidLightsPresent":"No","specificLocation":"SpecificLocation","clientCompanyName":"Toronto Metropolitan University","droppingsObserved":"No","isAsbestosAssessed":"No","fluorescentFixtures":"No","technicianSignature":"https://safetech-dev-images.s3.ca-central-1.amazonaws.com/profiles/1760435992852-signature.png","wallMountedCapacitor":"No","capacitorLeakageSigns":"No","recentLightingRetrofit":"No","liquidFilledTransformer":"No","pestInfestationObserved":"No","transformerLeakageSigns":"No","isThereEmergencyLighting":"No","fireExtinguishingEquipment":"No"},"liquidFilledTransformer":"No","pestInfestationObserved":"No","transformerLeakageSigns":"No","buildingConstructionYear":"Before 1980","isThereEmergencyLighting":"No","fireExtinguishingEquipment":"No"}},{"id":"area-17-1761543458330","name":"Church Street, Quadrant 4","areaNumber":17,"assessments":{"floor":"","pmName":"David Martinez","endDate":"2025-10-31","pmEmail":"david.martinez754@yopmail.com","pmPhone":"730-739-8597","areaName":"Church Street, Quadrant 4","areaPhoto":[],"startDate":"2025-10-27","moldGrowth":"No","contactName":"PrimaryContactFirstName PrimaryContactLastName","odsObserved":"No","pcbObserved":"No","projectName":"Window Replacement Project (Phase 1)","contactEmail":"chris+reporttest@dastech.ca","contactPhone":"416-555-5555","areThereVials":"No","areaAvailable":"Yes","clientAddress":"285 Victoria Street, Toronto, Ontario, M5B 1W1","leadMaterials":[],"projectNumber":"68742","waterStaining":"No","areaSquareFeet":"","isLeadAssessed":"No","mouldMaterials":[],"projectAddress":"285 Victoria Street, Toronto, Ontario, M5B 1W1","silicaObserved":"No","technicianName":"Jack Reacher","areaDescription":"","contactPosition":"","mercuryObserved":"No","silicaMaterials":[],"technicianEmail":"reacher@yopmail.com","technicianPhone":"9874563211","technicianTitle":"Technician","hidLightsPresent":"No","mercuryMaterials":[],"specificLocation":"SpecificLocation","asbestosMaterials":[{"id":"material-1761547264639","isTile":false,"photos":[],"location":"","quantity":"","sampleId":"S10072","sampleNo":"12B","condition":"Unknown","timestamp":"2025-10-27T06:44:38.454Z","friability":"Non-Friable","description":"","materialType":"Concrete Block Mortar","quantityType":"Square/ft","suspectedAcm":"Yes","customLocation":"","sampleCollected":"Yes","isCustomMaterial":true,"customMaterialName":"Concrete Block Mortar"},{"id":"material-1761547086680","isTile":false,"photos":[],"location":"","quantity":"","sampleId":"S10073","sampleNo":"9B","condition":"Unknown","timestamp":"2025-10-27T06:38:14.461Z","friability":"Non-Friable","description":"","materialType":"","quantityType":"Square/ft","suspectedAcm":"No","customLocation":"","sampleCollected":"Yes","isCustomMaterial":true,"customMaterialName":"Ceramic Wall Tile Grout","percentageAsbestos":"None Detected"}],"clientCompanyName":"Toronto Metropolitan University","droppingsObserved":"No","isAsbestosAssessed":"Yes","fluorescentFixtures":"No","technicianSignature":"https://safetech-dev-images.s3.ca-central-1.amazonaws.com/profiles/1760435992852-signature.png","wallMountedCapacitor":"No","capacitorLeakageSigns":"No","recentLightingRetrofit":"No","additionalEquipmentType":{"floor":"","pmName":"David Martinez","endDate":"2025-10-31","pmEmail":"david.martinez754@yopmail.com","pmPhone":"730-739-8597","areaName":"Church Street, Quadrant 4","areaPhoto":[],"startDate":"2025-10-27","moldGrowth":"No","contactName":"Faisal  Bangash","odsObserved":"No","pcbObserved":"No","projectName":"Window Replacement Project (Phase 1)","contactEmail":"chris+reporttest@dastech.ca","contactPhone":"416-555-5555","areThereVials":"No","areaAvailable":"No","clientAddress":"285 Victoria Street, Toronto, Ontario, M5B 1W1","projectNumber":"68742","waterStaining":"No","areaSquareFeet":"","isLeadAssessed":"No","projectAddress":"285 Victoria Street, Toronto, Ontario, M5B 1W1","silicaObserved":"No","technicianName":"Jack Reacher","areaDescription":"","contactPosition":"","mercuryObserved":"No","technicianEmail":"reacher@yopmail.com","technicianPhone":"9874563211","technicianTitle":"Technician","hidLightsPresent":"No","specificLocation":"SpecificLocation","clientCompanyName":"Toronto Metropolitan University","droppingsObserved":"No","isAsbestosAssessed":"No","fluorescentFixtures":"No","technicianSignature":"https://safetech-dev-images.s3.ca-central-1.amazonaws.com/profiles/1760435992852-signature.png","wallMountedCapacitor":"No","capacitorLeakageSigns":"No","recentLightingRetrofit":"No","liquidFilledTransformer":"No","pestInfestationObserved":"No","transformerLeakageSigns":"No","isThereEmergencyLighting":"No","fireExtinguishingEquipment":"No"},"liquidFilledTransformer":"No","pestInfestationObserved":"No","transformerLeakageSigns":"No","buildingConstructionYear":"Before 1980","isThereEmergencyLighting":"No","fireExtinguishingEquipment":"No"}},{"id":"area-18-1761543491613","name":"KHE 23A","areaNumber":18,"assessments":{"floor":"","pmName":"David Martinez","endDate":"2025-10-31","pmEmail":"david.martinez754@yopmail.com","pmPhone":"730-739-8597","areaName":"KHE 23A","areaPhoto":[],"startDate":"2025-10-27","moldGrowth":"No","contactName":"PrimaryContactFirstName PrimaryContactLastName","odsObserved":"No","pcbObserved":"No","projectName":"Window Replacement Project (Phase 1)","contactEmail":"chris+reporttest@dastech.ca","contactPhone":"416-555-5555","areThereVials":"No","areaAvailable":"Yes","clientAddress":"285 Victoria Street, Toronto, Ontario, M5B 1W1","leadMaterials":[{"id":"material-1761548210848","photos":[],"location":"","sampleId":"S10075","sampleNo":"KHE23A-L14A","timestamp":"2025-10-27T07:00:28.194Z","description":"","materialType":"","suspectedLead":"No","percentageLead":"<0.0064","sampleCollected":"Yes","isCustomMaterial":true,"customMaterialName":"Concrete Block Wall"}],"projectNumber":"68742","waterStaining":"No","areaSquareFeet":"","isLeadAssessed":"Yes","mouldMaterials":[],"projectAddress":"285 Victoria Street, Toronto, Ontario, M5B 1W1","silicaObserved":"Yes","technicianName":"Jack Reacher","areaDescription":"","contactPosition":"","mercuryObserved":"Yes","silicaMaterials":[{"id":"silica-1761548296380-87br62ucw","timestamp":"2025-10-27T06:58:16.380Z","materialType":"","isCustomMaterial":false,"customMaterialName":""}],"technicianEmail":"reacher@yopmail.com","technicianPhone":"9874563211","technicianTitle":"Technician","hidLightsPresent":"No","mercuryMaterials":[{"id":"mercury-1761548287868-b0qkkex7i","photos":[],"location":"","timestamp":"2025-10-27T06:58:07.868Z","description":"","materialType":"","sampleCollected":"No","isCustomMaterial":false,"suspectedMercury":"No","customMaterialName":""}],"specificLocation":"SpecificLocation","asbestosMaterials":[{"id":"material-1761547363300","isTile":false,"photos":[],"location":"","quantity":"","sampleId":"S10074","sampleNo":"12C","condition":"Unknown","timestamp":"2025-10-27T06:44:09.238Z","friability":"Non-Friable","description":"","materialType":"Concrete Block Mortar","quantityType":"Square/ft","suspectedAcm":"Yes","customLocation":"","sampleCollected":"Yes","isCustomMaterial":true,"customMaterialName":"Concrete Block Mortar"}],"clientCompanyName":"Toronto Metropolitan University","droppingsObserved":"No","isAsbestosAssessed":"Yes","fluorescentFixtures":"No","technicianSignature":"https://safetech-dev-images.s3.ca-central-1.amazonaws.com/profiles/1760435992852-signature.png","wallMountedCapacitor":"No","capacitorLeakageSigns":"No","recentLightingRetrofit":"No","additionalEquipmentType":{"floor":"","pmName":"David Martinez","endDate":"2025-10-31","pmEmail":"david.martinez754@yopmail.com","pmPhone":"730-739-8597","areaName":"KHE 23A","areaPhoto":[],"startDate":"2025-10-27","moldGrowth":"No","contactName":"Faisal  Bangash","odsObserved":"No","pcbObserved":"No","projectName":"Window Replacement Project (Phase 1)","contactEmail":"chris+reporttest@dastech.ca","contactPhone":"416-555-5555","areThereVials":"No","areaAvailable":"No","clientAddress":"285 Victoria Street, Toronto, Ontario, M5B 1W1","projectNumber":"68742","waterStaining":"No","areaSquareFeet":"","isLeadAssessed":"No","projectAddress":"285 Victoria Street, Toronto, Ontario, M5B 1W1","silicaObserved":"No","technicianName":"Jack Reacher","areaDescription":"","contactPosition":"","mercuryObserved":"No","technicianEmail":"reacher@yopmail.com","technicianPhone":"9874563211","technicianTitle":"Technician","hidLightsPresent":"No","specificLocation":"SpecificLocation","clientCompanyName":"Toronto Metropolitan University","droppingsObserved":"No","isAsbestosAssessed":"No","fluorescentFixtures":"No","technicianSignature":"https://safetech-dev-images.s3.ca-central-1.amazonaws.com/profiles/1760435992852-signature.png","wallMountedCapacitor":"No","capacitorLeakageSigns":"No","recentLightingRetrofit":"No","liquidFilledTransformer":"No","pestInfestationObserved":"No","transformerLeakageSigns":"No","isThereEmergencyLighting":"No","fireExtinguishingEquipment":"No"},"liquidFilledTransformer":"No","pestInfestationObserved":"No","transformerLeakageSigns":"No","buildingConstructionYear":"Before 1980","isThereEmergencyLighting":"No","fireExtinguishingEquipment":"No"}},{"id":"area-19-1761546974785","name":"Church Street, Quadrant 1","areaNumber":19,"assessments":{"floor":"","pmName":"David Martinez","endDate":"2025-10-31","pmEmail":"david.martinez754@yopmail.com","pmPhone":"730-739-8597","areaName":"Church Street, Quadrant 1","areaPhoto":[],"startDate":"2025-10-27","moldGrowth":"No","contactName":"PrimaryContactFirstName PrimaryContactLastName","odsObserved":"No","pcbObserved":"No","projectName":"Window Replacement Project (Phase 1)","contactEmail":"chris+reporttest@dastech.ca","contactPhone":"416-555-5555","areThereVials":"No","areaAvailable":"Yes","clientAddress":"285 Victoria Street, Toronto, Ontario, M5B 1W1","leadMaterials":[],"projectNumber":"68742","waterStaining":"No","areaSquareFeet":"","isLeadAssessed":"No","mouldMaterials":[],"projectAddress":"285 Victoria Street, Toronto, Ontario, M5B 1W1","silicaObserved":"No","technicianName":"Jack Reacher","areaDescription":"","contactPosition":"","mercuryObserved":"No","silicaMaterials":[],"technicianEmail":"reacher@yopmail.com","technicianPhone":"9874563211","technicianTitle":"Technician","hidLightsPresent":"No","mercuryMaterials":[],"specificLocation":"SpecificLocation","asbestosMaterials":[{"id":"material-1761546982493","isTile":false,"photos":[],"location":"","quantity":"","sampleId":"S10076","sampleNo":"9C","condition":"Unknown","timestamp":"2025-10-27T06:37:21.248Z","friability":"Non-Friable","description":"","materialType":"","quantityType":"Square/ft","suspectedAcm":"No","customLocation":"","sampleCollected":"Yes","isCustomMaterial":true,"customMaterialName":"Ceramic Wall Tile Grout","percentageAsbestos":"None Detected"}],"clientCompanyName":"Toronto Metropolitan University","droppingsObserved":"No","isAsbestosAssessed":"Yes","fluorescentFixtures":"No","technicianSignature":"https://safetech-dev-images.s3.ca-central-1.amazonaws.com/profiles/1760435992852-signature.png","wallMountedCapacitor":"No","capacitorLeakageSigns":"No","recentLightingRetrofit":"No","additionalEquipmentType":{"floor":"","pmName":"David Martinez","endDate":"2025-10-31","pmEmail":"david.martinez754@yopmail.com","pmPhone":"730-739-8597","areaName":"Church Street, Quadrant 1","areaPhoto":[],"startDate":"2025-10-27","moldGrowth":"No","contactName":"PrimaryContactFirstName PrimaryContactLastName","odsObserved":"No","pcbObserved":"No","projectName":"Window Replacement Project (Phase 1)","contactEmail":"chris+reporttest@dastech.ca","contactPhone":"416-555-5555","areThereVials":"No","areaAvailable":"Yes","clientAddress":"285 Victoria Street, Toronto, Ontario, M5B 1W1","projectNumber":"68742","waterStaining":"No","areaSquareFeet":"","isLeadAssessed":"No","projectAddress":"285 Victoria Street, Toronto, Ontario, M5B 1W1","silicaObserved":"No","technicianName":"Jack Reacher","areaDescription":"","contactPosition":"","mercuryObserved":"No","technicianEmail":"reacher@yopmail.com","technicianPhone":"9874563211","technicianTitle":"Technician","hidLightsPresent":"No","specificLocation":"SpecificLocation","asbestosMaterials":[{"id":"material-1761546982493","isTile":false,"photos":[],"location":"","quantity":"","sampleId":"S10027","condition":"Unknown","timestamp":"2025-10-27T06:37:21.248Z","friability":"Non-Friable","description":"","materialType":"","quantityType":"Square/ft","suspectedAcm":"No","customLocation":"","sampleCollected":"Yes","isCustomMaterial":true,"customMaterialName":"Ceramic Wall Tile Grout"}],"clientCompanyName":"Toronto Metropolitan University","droppingsObserved":"No","isAsbestosAssessed":"Yes","fluorescentFixtures":"No","technicianSignature":"https://safetech-dev-images.s3.ca-central-1.amazonaws.com/profiles/1760435992852-signature.png","wallMountedCapacitor":"No","capacitorLeakageSigns":"No","recentLightingRetrofit":"No","liquidFilledTransformer":"No","pestInfestationObserved":"No","transformerLeakageSigns":"No","isThereEmergencyLighting":"No","fireExtinguishingEquipment":"No"},"liquidFilledTransformer":"No","pestInfestationObserved":"No","transformerLeakageSigns":"No","buildingConstructionYear":"Before 1980","isThereEmergencyLighting":"No","fireExtinguishingEquipment":"No"}}],"scopeOfWork":["A review of existing documents, including renovation documents and drawings, floor plans and existing environmental assessment reports, etc., where available;","A visual assessment of accessible area(s) in the project areas to identify the presence, location, condition and quantities of designated substances and other hazardous materials;","Collection, analysis and interpretation of representative bulk samples of suspect asbestos-containing building materials for the determination of asbestos content and material classification;","Collection, analysis and interpretation of representative paint chip samples for the determination of lead content; and","Preparation of a report to document findings and provide recommendations regarding control measures and/or special handling procedures for designated substances or specific hazardous materials that may be disturbed as part of planned activities."],"documentsUsed":"Toronto Metropolitan University, Kerr Hall and Monetary Times Building Designated Substances and Hazardous Building Materials Assessment Report, Fume Hood Exhaust Modifications Project (project #: 1-3220503) dated July 13, 2022.\\nToronto Metropolitan University’s Kerr Hall Building Window Replacement Project (Phase 1), (project #: 100281194) dated January 6, 2025, as prepared by Rimkus.","areasNotAccessible":"-"}	[]	t	\N	2025-10-27 04:39:45+00	2025-11-04 04:18:41.55+00	\N
7ddb7ae6-249d-4bf3-901b-89e7436fc9f6	Designated Substances and Hazardous Materials Assessment Report	c56c5a91-5a05-4c59-a721-0ffe1b120e48	9bc0e9fc-a0e7-4037-89e8-f0202e827dcb		\N	\N	{"areaDetails":[{"id":"area-1","name":"Area 1","areaNumber":1,"assessments":{"clientCompanyName":"New Company","clientAddress":"1238 Main St, Suite 201, Seattle, IN, 24312","contactName":"James White","contactPosition":"","contactEmail":"william636@yopmail.com","contactPhone":"402-579-5512","projectName":"Hall Renovation","specificLocation":"Test Location","startDate":"2025-11-03","endDate":"2025-12-05","projectNumber":"48403","projectAddress":"1238 Main St, Suite 201, Seattle, IN, 24312","pmName":"David Martinez","pmEmail":"david.martinez754@yopmail.com","pmPhone":"730-739-8597","technicianName":"Glen Powell","technicianEmail":"glenpowell@yopmail.com","technicianPhone":"987456211000445","technicianTitle":"Technician","technicianSignature":"","asbestosMaterials":[{"id":"material-1762514096156","materialType":"","customMaterialName":"","location":"","customLocation":"","description":"","photos":[],"quantity":"","quantityType":"Square/ft","sampleCollected":"No","suspectedAcm":"No","isCustomMaterial":false,"condition":"Unknown","friability":"Non-Friable","isTile":false},{"id":"material-1762330452348","materialType":"Sprayed Texture / Stucco Finishes","customMaterialName":"","location":"Wall","customLocation":"","description":"test description","photos":[],"quantity":"10","quantityType":"Square/ft","sampleCollected":"No","suspectedAcm":"No","isCustomMaterial":false,"condition":"Good","friability":"Friable","isTile":true},{"id":"material-1762330463715-grout","materialType":"Grout","customMaterialName":"Grout","location":"Ceiling","description":"test ","photos":[],"quantity":"20","quantityType":"Square/ft","sampleCollected":"Yes","suspectedAcm":"No","isCustomMaterial":true,"condition":"Good","friability":"Friable","isTile":false,"timestamp":"2025-11-05T08:14:37.518Z","sampleId":"S10001","customLocation":""},{"id":"material-1762330463715-thinset","materialType":"Thinset","customMaterialName":"Thinset","location":"Wall","description":"test","photos":[],"quantity":"28","quantityType":"Square/ft","sampleCollected":"Yes","suspectedAcm":"No","isCustomMaterial":true,"condition":"Fair","friability":"Non-Friable","isTile":false,"timestamp":"2025-11-05T08:14:39.838Z","sampleId":"S10002","customLocation":""}],"leadMaterials":[{"id":"material-1762330548105","materialType":"Mortar","customMaterialName":"Mortar","location":"test","description":"test","photos":[],"sampleCollected":"Yes","suspectedLead":"No","isCustomMaterial":true,"timestamp":"2025-11-05T08:15:56.008Z","sampleId":"S10001"}],"mercuryMaterials":[{"id":"mercury-1762330566495-gbnsxh4d6","materialType":"Fascia Caulking","customMaterialName":"Fascia Caulking","location":"tet","description":"test","photos":[],"sampleCollected":"Yes","suspectedMercury":"No","isCustomMaterial":true,"timestamp":"2025-11-05T08:16:06.495Z"}],"silicaMaterials":[{"id":"silica-1762330587307-65cp7mmr1","materialType":"","customMaterialName":"custom silicon material","isCustomMaterial":true,"timestamp":"2025-11-05T08:16:27.307Z"}],"mouldMaterials":[{"id":"mould-1762330622220-opr2hdpl7","materialType":"Custome 00002","customMaterialName":"Custome 00002","location":"test","description":"test","photos":[],"sampleCollected":"No","suspectedMould":"No","isCustomMaterial":true,"timestamp":"2025-11-05T08:17:02.220Z","quantity":"18"}],"additionalEquipmentType":{"clientCompanyName":"New Company","clientAddress":"1238 Main St, Suite 201, Seattle, IN, 24312","contactName":"James White","contactPosition":"","contactEmail":"william636@yopmail.com","contactPhone":"402-579-5512","projectName":"Hall Renovation","specificLocation":"Test Location","startDate":"2025-11-03","endDate":"2025-12-05","projectNumber":"48403","projectAddress":"1238 Main St, Suite 201, Seattle, IN, 24312","pmName":"David Martinez","pmEmail":"david.martinez754@yopmail.com","pmPhone":"730-739-8597","technicianName":"Glen Powell","technicianEmail":"glenpowell@yopmail.com","technicianPhone":"987456211000445","technicianTitle":"Technician","technicianSignature":""},"areaAvailable":"Yes","isAsbestosAssessed":"Yes","isLeadAssessed":"Yes","isThereEmergencyLighting":"Yes","mercuryObserved":"Yes","areThereVials":"Yes","silicaObserved":"Yes","moldGrowth":"Yes","waterStaining":"Yes","pestInfestationObserved":"Yes","droppingsObserved":"Yes","pcbObserved":"Yes","fluorescentFixtures":"Yes","hidLightsPresent":"Yes","liquidFilledTransformer":"Yes","transformerLeakageSigns":"Yes","wallMountedCapacitor":"Yes","capacitorLeakageSigns":"Yes","recentLightingRetrofit":"Yes","odsObserved":"Yes","fireExtinguishingEquipment":"Yes","areaDescription":"fsdg","floor":"","areaSquareFeet":"120","lampCount":"<=15","willTheMercuryContainingEquipmentBeRemoved":"Disturbed","moldImpact":"Yes","infestationTypeSelect":["Mouse"],"droppingsLocation":"test","deadAnimals":[{"animalName":"Mouse","animalDescription":"in the garbage corner","animalLocation":"test","animalPhoto":[]}],"buildingConstructionYear":"Before 1980","fixtureType":"2","fixtureSize":"T8","hidLightsCount":"2","transformerLeakageLocation":"pipe","refrigerantPounds":"10","odsGwsAssessmentTable":[{"tableLocation":"","tableEquipmentManufacturerType":"Walk-In Fridge","tableEquipmentManufacturerTypeOther":"","tableRefrigerantTypeQuantity":"","tableOdsGwsClassification":""}]}},{"id":"area-2-1762331002934","name":"Area 212","areaNumber":2,"assessments":{"clientCompanyName":"New Company","clientAddress":"1238 Main St, Suite 201, Seattle, IN, 24312","contactName":"James White","contactPosition":"","contactEmail":"william636@yopmail.com","contactPhone":"402-579-5512","projectName":"Hall Renovation","specificLocation":"Test Location","startDate":"2025-11-03","endDate":"2025-12-05","projectNumber":"48403","projectAddress":"1238 Main St, Suite 201, Seattle, IN, 24312","pmName":"David Martinez","pmEmail":"david.martinez754@yopmail.com","pmPhone":"730-739-8597","technicianName":"Glen Powell","technicianEmail":"glenpowell@yopmail.com","technicianPhone":"987456211000445","technicianTitle":"Technician","technicianSignature":"","areaName":"Area 212","areaDescription":"This is area description","floor":"2","areaSquareFeet":"150","areaPhoto":[],"areaAvailable":"Yes","isAsbestosAssessed":"Yes","isLeadAssessed":"No","isThereEmergencyLighting":"No","mercuryObserved":"No","areThereVials":"No","silicaObserved":"No","moldGrowth":"No","waterStaining":"No","pestInfestationObserved":"No","droppingsObserved":"No","pcbObserved":"No","fluorescentFixtures":"No","hidLightsPresent":"No","liquidFilledTransformer":"No","transformerLeakageSigns":"No","wallMountedCapacitor":"No","capacitorLeakageSigns":"No","recentLightingRetrofit":"No","odsObserved":"No","fireExtinguishingEquipment":"No","buildingConstructionYear":"Before 1980","asbestosMaterials":[{"id":"material-1762331056474","materialType":"Sprayed Texture / Stucco Finishes","customMaterialName":"","location":"Wall","customLocation":"","description":"test description","photos":[],"quantity":"10","quantityType":"Square/ft","sampleCollected":"No","suspectedAcm":"No","isCustomMaterial":false,"condition":"Good","friability":"Friable","isTile":true,"timestamp":"2025-11-05T08:24:23.310Z"}],"leadMaterials":[],"mercuryMaterials":[],"silicaMaterials":[],"mouldMaterials":[],"additionalEquipmentType":{"clientCompanyName":"New Company","clientAddress":"1238 Main St, Suite 201, Seattle, IN, 24312","contactName":"James White","contactPosition":"","contactEmail":"william636@yopmail.com","contactPhone":"402-579-5512","projectName":"Hall Renovation","specificLocation":"Test Location","startDate":"2025-11-03","endDate":"2025-12-05","projectNumber":"48403","projectAddress":"1238 Main St, Suite 201, Seattle, IN, 24312","pmName":"David Martinez","pmEmail":"david.martinez754@yopmail.com","pmPhone":"730-739-8597","technicianName":"Glen Powell","technicianEmail":"glenpowell@yopmail.com","technicianPhone":"987456211000445","technicianTitle":"Technician","technicianSignature":"","areaName":"Area 212","areaDescription":"This is area description","floor":"2","areaSquareFeet":"150","areaPhoto":[],"areaAvailable":"Yes","isAsbestosAssessed":"Yes","isLeadAssessed":"No","isThereEmergencyLighting":"No","mercuryObserved":"No","areThereVials":"No","silicaObserved":"No","moldGrowth":"No","waterStaining":"No","pestInfestationObserved":"No","droppingsObserved":"No","pcbObserved":"No","fluorescentFixtures":"No","hidLightsPresent":"No","liquidFilledTransformer":"No","transformerLeakageSigns":"No","wallMountedCapacitor":"No","capacitorLeakageSigns":"No","recentLightingRetrofit":"No","odsObserved":"No","fireExtinguishingEquipment":"No","buildingConstructionYear":"Before 1980","asbestosMaterials":[{"id":"material-1762331056474","materialType":"Sprayed Texture / Stucco Finishes","customMaterialName":"","location":"Wall","customLocation":"","description":"test description","photos":[],"quantity":"10","quantityType":"Square/ft","sampleCollected":"No","suspectedAcm":"No","isCustomMaterial":false,"condition":"Good","friability":"Friable","isTile":true,"timestamp":"2025-11-05T08:24:23.310Z"}]}}}],"scopeOfWork":["A review of existing documents, including renovation documents and drawings, floor plans and existing environmental assessment reports, etc., where available;","A visual assessment of accessible area(s) in the project areas to identify the presence, location, condition and quantities of designated substances and other hazardous materials;","Collection, analysis and interpretation of representative bulk samples of suspect asbestos-containing building materials for the determination of asbestos content and material classification;","Collection, analysis and interpretation of representative paint chip samples for the determination of lead content; and","Preparation of a report to document findings and provide recommendations regarding control measures and/or special handling procedures for designated substances or specific hazardous materials that may be disturbed as part of planned activities."],"notes":[],"documentsUsed":"Doc 1\\nDoc2\\nDoc3","areasNotAccessible":"Area 1"}	[]	t	\N	2025-11-04 12:36:31.086+00	2025-11-07 11:15:51.408+00	\N
\.


--
-- Data for Name: users; Type: TABLE DATA; Schema: public; Owner: neondb_owner
--

COPY public.users (id, first_name, last_name, profile_picture, technician_signature, role, email, phone, status, activation_token, activation_token_expires, last_login, is_verified, deactivated_user, password, created_at, updated_at, deleted_at, created_by) FROM stdin;
a0056997-bc2e-424b-b769-ee0ef88a650b	David	Martinez	https://safetech-dev-images.s3.ca-central-1.amazonaws.com/profiles/1759213825602-luthfi-alfarizi-gEf9bOMTZtk-unsplash.jpg	https://safetech-dev-images.s3.ca-central-1.amazonaws.com/profiles/1761739439856-signature.png	Project Manager	david.martinez754@yopmail.com	730-739-8597	activated	\N	\N	2025-11-14 06:27:15.825+00	t	f	$2b$10$U2T0sei7SMsfTUqkWBwleeFm.0NwkJVPe93UZZObgp9ofPCQA2M/W	2025-05-30 07:13:43+00	2025-11-14 06:27:15.826+00	\N	\N
b31f7a56-c070-4bd1-8de4-991ecc66c401	Charles	Clark	https://safetech-dev-images.s3.ca-central-1.amazonaws.com/profiles/1749633835150-ferr-studio-G2Qjx1y9aAM-unsplash.jpg	https://safetech-dev-images.s3.ca-central-1.amazonaws.com/profiles/1761654931137-signature.png	Admin	charles.clark864@yopmail.com	986-242-4266	activated	\N	\N	2025-10-29 10:43:18+00	t	f	$2b$10$CPNa.k14vMXW5sxtI05DFe7g/vi3VQy8PRwcBummwmY0vwZUE8cju	2025-05-30 07:13:43+00	2025-10-29 10:43:18+00	\N	\N
b9c51709-aae4-487f-bd3d-6d0252b74496	Charles	Jackson	https://safetech-dev-images.s3.ca-central-1.amazonaws.com/profiles/1749643077056-ferr-studio-G2Qjx1y9aAM-unsplash.jpg	https://safetech-dev-images.s3.ca-central-1.amazonaws.com/profiles/1750916263898-signature-pro-wMXWYDlN-Oc-unsplash.jpg	Technician	charles.jackson201@yopmail.com	437-576-7616	activated	\N	\N	2025-09-17 09:41:21+00	t	f	$2b$10$GB4BLpY6Dt2fpGBe8325De1hux1XffJUi6gFFlzZY3yzTSshD55xW	2025-05-30 07:13:43+00	2025-09-17 09:41:21+00	\N	\N
03d154f7-3fed-4cf5-b4fe-eb11ae16dec9	Test F Name	Test L Name	\N	\N	Technician	test1@gmail.com	1234567890	invited	04e0deac0524800ee533ed5a85a994951747332292a8c894d2f5f4d1dab28d42	2025-10-17 11:02:48+00	\N	f	f		2025-10-16 11:02:48+00	2025-10-17 04:42:56+00	2025-10-17 04:42:56+00	b31f7a56-c070-4bd1-8de4-991ecc66c401
0546cb1b-0ce1-4652-bdc8-f2833c84776b	Test	User	\N	\N	Project Manager	bhargav.j@crestinfosystems.com	+1 (972) 580-4666	invited	d5045bcd3f2fe9b2e705cfa3cfa0c0eeff851f8f07f0d3413f0d129837cb0f0a	2025-06-12 04:26:45+00	\N	f	f		2025-06-11 04:26:45+00	2025-06-11 04:27:19+00	2025-06-11 04:27:19+00	b31f7a56-c070-4bd1-8de4-991ecc66c401
0561a7d9-a21e-49dd-a8dc-c4824cf89f02	hrh	rthrthr	\N	\N	Technician	thrthrt@gmail.com	hrthrthrth	invited	ae888c4a94b753f2094d5a637d2bd420a88fbf914bf51560a7e5c52bdd036c03	2025-10-17 08:46:28+00	\N	f	f		2025-10-16 08:46:28+00	2025-10-16 09:14:42+00	2025-10-16 09:14:42+00	b31f7a56-c070-4bd1-8de4-991ecc66c401
056a371b-23ba-4ee3-861c-ad9754ab37bf	amanda	seyfried	\N	\N	Technician	bhargav.j+as@crestinfosystems.com	+1 (972) 580-4666	invited	7641d63e1744df26bc872d24bd7173c67c8b16f6594852c2c58e9b3a89bd662b	2025-10-01 04:15:19+00	\N	f	f		2025-09-30 04:15:19+00	2025-09-30 04:15:39+00	2025-09-30 04:15:39+00	a0056997-bc2e-424b-b769-ee0ef88a650b
10eb27c6-b4df-4c0a-b788-2e03bd37c9cb	john	green	\N	\N	Technician	bhargav.j+jgreen@crestinfosystems.com	9752148630	invited	4683b4fa3515a1746212a02f0ae537d2f3c845cf031480572cead305db89489c	2025-09-20 04:32:30+00	\N	f	f		2025-09-19 04:32:30+00	2025-09-19 05:49:58+00	2025-09-19 05:49:58+00	a0056997-bc2e-424b-b769-ee0ef88a650b
187bb8b0-16d3-4f3b-89bd-c4daa9757079	vvb	vvv	https://safetech-dev-images.s3.ca-central-1.amazonaws.com/profiles/1760697468892-scaled_ef9ae528-997a-40ff-a174-8b2ed8aa55ec3872822558301619062.jpg	\N	Technician	ggh@gmail.com	8966325888	invited	5988a4879ad1d44926ad0ca164907e96707dc068d114437f505fa11041205948	2025-10-18 10:37:47+00	\N	f	f		2025-10-17 10:37:47+00	2025-10-17 10:38:00+00	2025-10-17 10:38:00+00	a0056997-bc2e-424b-b769-ee0ef88a650b
1c8761cb-855b-4906-84d0-43e04d428b11	Tom	Cruise	\N	\N	Technician	tomcruise21@example.com	978521390	invited	\N	\N	\N	f	f		2025-06-06 02:43:23+00	2025-06-09 11:04:12+00	2025-06-09 11:04:12+00	a0056997-bc2e-424b-b769-ee0ef88a650b
1cbb9c55-d203-411f-8b6a-377e81746993	sdvdsv	sdvsdvsv	https://safetech-dev-images.s3.ca-central-1.amazonaws.com/profiles/1760607772404-adam-birkett-WuPHTzYf25E-unsplash.jpg	\N	Technician	sdvsdv@gmail.com	123456781	invited	7fb194fd3133910b95d4c373b20af209a2cec7337865853c0be05e2244c8bddd	2025-10-17 08:50:18+00	\N	f	f		2025-10-16 08:50:18+00	2025-10-16 10:00:46+00	2025-10-16 10:00:46+00	b31f7a56-c070-4bd1-8de4-991ecc66c401
2425ddb1-516c-4bcc-9fd8-7f0961dcc56d	11	111	\N	\N	Technician	111@gmail.com	123457890	invited	31aec9fad459bb3ca7a0e2f10be4a2da2d65bc315b517b0fdbdca4f807147518	2025-10-17 10:01:08+00	\N	f	f		2025-10-16 10:01:08+00	2025-10-16 10:04:28+00	2025-10-16 10:04:28+00	b31f7a56-c070-4bd1-8de4-991ecc66c401
2dad09fd-47b3-4502-b089-7d10f43cb061	Emma	Taylor	\N	\N	Technician	emma.taylor273@yopmail.com	9725804666	activated	\N	\N	2025-06-09 11:10:15+00	t	f	$2b$10$Q8TyoI0Nj2UldirnpmHOBeMBFDNC5z5YC1oE7nZNRzdYLxgdPcRfy	2025-06-09 11:08:53+00	2025-06-09 11:15:09+00	2025-06-09 11:15:09+00	a24b745d-d342-4b1b-8a5e-1e48ff8b24c0
2f2db9ea-7423-4f4d-8ab2-8ae421866bcd	Enes	Dede	\N	\N	Technician	edede@safetechenv.com	\N	activated	\N	\N	2025-07-03 13:22:54+00	t	f	$2b$10$WGp.4622/ggdoW3DV7mZreBtJyI01uWEubfdszzs5L6ixKf6c4XzG	2025-06-17 16:59:56+00	2025-07-03 17:00:24+00	2025-07-03 17:00:24+00	dbfdab21-46fe-4592-91a1-ef87515f0558
328b49c3-05af-4cb9-a2ce-a22f1760108e	Test	tEst	\N	\N	Technician	tetst@gmail.com	tetst	invited	0d3073f3b6c02c5655f2b4d908d69aa166ae14c4fb35ce36d6944b823cc6efdc	2025-10-17 08:27:08+00	\N	f	f		2025-10-16 08:27:08+00	2025-10-16 08:34:22+00	2025-10-16 08:34:22+00	b31f7a56-c070-4bd1-8de4-991ecc66c401
3afb4c51-d376-4c28-acf2-f0a519df2e2e	2222	22	\N	\N	Technician	222@gmail.com	123456789	invited	c66197d650d735a513247e7867838f6486596ea365933c855ad042545640f2ed	2025-10-17 10:03:03+00	\N	f	f		2025-10-16 10:03:03+00	2025-10-16 10:04:25+00	2025-10-16 10:04:25+00	b31f7a56-c070-4bd1-8de4-991ecc66c401
4121e60d-5b80-48e7-8fda-61ba0c1cc1a6	csdc	sdcds	\N	\N	Technician	scdsdc@gmail.com	123456789	invited	04a28ca880b599f110c3641ecf7a0593e268d24e8ec74b3709cd1d643b83299a	2025-10-17 10:04:44+00	\N	f	f		2025-10-16 10:04:44+00	2025-10-16 10:06:54+00	2025-10-16 10:06:54+00	b31f7a56-c070-4bd1-8de4-991ecc66c401
4b0d26c0-78fb-4dea-8294-4ce6a3ef67d7	Sophie	Smith	\N	\N	Project Manager	sophiemsmith41@gmail.com	\N	invited	4c9ef1b0d06e726636d735c3cee57854ca1a1316fcdc211f9150b7444b7efee4	2025-06-18 15:14:35+00	\N	f	f		2025-06-17 15:14:35+00	2025-06-17 15:32:02+00	2025-06-17 15:32:02+00	dbfdab21-46fe-4592-91a1-ef87515f0558
4cd32e42-72e9-4ace-ad37-e48d56b16f53	2222	22	\N	\N	Technician	222@gmail.com	123456789	invited	6954e65e489fd61acec2be2ec2934543acfa9184596d54e015e891d901657d71	2025-10-17 10:01:52+00	\N	f	f		2025-10-16 10:01:52+00	2025-10-16 10:04:12+00	2025-10-16 10:04:12+00	b31f7a56-c070-4bd1-8de4-991ecc66c401
4d3bd00b-b4bf-4595-aff8-4adabd24b846	scdads	adasd	https://safetech-dev-images.s3.ca-central-1.amazonaws.com/profiles/1760609105765-image_picker_F6F46A89-3AD9-4838-A999-ACA8F84805D9-21605-0000007E83935222.jpg	\N	Technician	asda@gmail.com	123456780	invited	d5a0157774d4c8c9e432a5867be123f41afaecb5af7e0d522c0c94a835f71600	2025-10-17 10:05:04+00	\N	f	f		2025-10-16 10:05:04+00	2025-10-16 10:06:59+00	2025-10-16 10:06:59+00	b31f7a56-c070-4bd1-8de4-991ecc66c401
51d110a8-dcc3-43ec-9028-5369ca240712	Chris	Test	\N	\N	Technician	chrissideris22@gmail.com	6472715062	activated	\N	\N	2025-06-26 15:16:03+00	t	f	$2b$10$lW4fwbm5yi9NgTuTeAtrp.ceIhxQsfizsqMpLCL1j2qq5IlJIBaMS	2025-06-17 15:16:23+00	2025-09-30 02:53:23+00	2025-09-30 02:53:23+00	b31f7a56-c070-4bd1-8de4-991ecc66c401
53c4449b-142d-4660-a8ac-a37127dcd196	Harold	Gardner	\N	\N	Technician	test-2wqs3rbql@srv1.mail-tester.com	+1 (972) 580-4666	invited	d74c07d7cfbf9fa8299ace7970e288627866421ac97373dd84308f4c6125fdf4	2025-09-20 08:02:14+00	\N	f	f		2025-09-19 08:02:14+00	2025-09-23 12:32:03+00	2025-09-23 12:32:03+00	a0056997-bc2e-424b-b769-ee0ef88a650b
579f18c9-c7a6-4dcb-b84c-4f520e990f6c	Chris	S	\N	\N	Admin	chris@dastech.ca	\N	activated	\N	\N	2025-10-27 03:45:30+00	t	f	$2b$10$14z5U4cjAik9XRfaqnSGc.BbdjmHmdYFs4Kj9h4Cd6BFVuPaycvyK	2025-08-15 15:39:24+00	2025-10-27 03:45:30+00	\N	dbfdab21-46fe-4592-91a1-ef87515f0558
57c9da30-686a-4673-91e9-6f0924cefa1f	Thahani	Mulaffer	\N	\N	Admin	tmulaffer@safetechenv.com	\N	invited	407b04facc58b6a28c13a31b8ca6883f27fec4ae3f3277fd00d1558f3bc5d5c3	2025-08-30 15:24:14+00	\N	f	f		2025-08-29 15:24:14+00	2025-08-29 15:24:14+00	\N	dbfdab21-46fe-4592-91a1-ef87515f0558
5bb769bd-aab7-4719-9deb-6ce10f1bc674	Stephen	Tech	\N	\N	Technician	schoi+tech@safetechenv.com	555555555555	activated	\N	\N	2025-10-27 15:18:52+00	t	f	$2b$10$6V8qlDHD6AhjpnMrwzDtA.0MSi5hPztfYQ3Dvyja3fx3oefBpPbSW	2025-10-27 15:17:21+00	2025-10-27 15:18:52+00	\N	579f18c9-c7a6-4dcb-b84c-4f520e990f6c
5ef2cb2d-b712-4c52-a36c-acb1ae106681	temp	test	https://safetech-dev-images.s3.ca-central-1.amazonaws.com/profiles/1760597211586-adam-birkett-WuPHTzYf25E-unsplash.jpg	\N	Technician	test@gmail.com	\N	invited	296b4b9ecb9f61cd0eb086b90957a4c36d6f6a827553cc7c83cbd06d7373f1f2	2025-10-17 06:45:48+00	\N	f	f		2025-10-16 06:45:48+00	2025-10-16 06:47:44+00	2025-10-16 06:47:44+00	b31f7a56-c070-4bd1-8de4-991ecc66c401
60f74f72-c63f-410e-838a-ddfbb47ecb15	nfgnf	nfgnfn	\N	\N	Technician	fngf@gmail.com	1111	invited	66f097404be4cedaeb30ba3b0215fafc61202859d84c8e5dbbf4b45b2c6ccc02	2025-10-17 08:50:42+00	\N	f	f		2025-10-16 08:50:42+00	2025-10-16 09:01:30+00	2025-10-16 09:01:30+00	b31f7a56-c070-4bd1-8de4-991ecc66c401
67f3bad7-b8fc-49c3-860a-0cdbd0e5b87a	2222	22	\N	\N	Technician	222@gmail.com	123456789	invited	e94794ce2d4b8b1409d6e23111a7cea03f7542f7be3738d09e634a98c5cf0c85	2025-10-17 10:04:06+00	\N	f	f		2025-10-16 10:04:06+00	2025-10-16 10:04:34+00	2025-10-16 10:04:34+00	b31f7a56-c070-4bd1-8de4-991ecc66c401
6ee46a15-b2e1-40b6-a3bc-c857b1f813f8	Revan	Smith	\N	\N	Technician	rsmith@safetechenv.com	\N	activated	\N	\N	2025-06-27 17:27:43+00	t	f	$2b$10$yoxKfqHAtkKJztuWs9F7ou263nHzEN0GFukm9uhccbEaSNbCpmoYW	2025-06-17 16:59:09+00	2025-07-03 17:00:34+00	2025-07-03 17:00:34+00	dbfdab21-46fe-4592-91a1-ef87515f0558
7688b942-3aa6-4f9c-a828-06444a7e9c7f	Enes	Dede	\N	\N	Technician	edede@safetechenv.com	\N	activated	\N	\N	2025-09-22 15:31:46+00	t	f	$2b$10$l4ku6LWCaz9ziajl/f4n.eREESLVrvTnG/TMfynGI/fhz1NdjQFei	2025-07-07 19:26:09+00	2025-09-22 15:33:25+00	\N	dbfdab21-46fe-4592-91a1-ef87515f0558
78eab1e0-6f31-4f39-b48d-dd90d9465473	Test F 2	Test L 2	\N	\N	Project Manager	test2@gmail.com	222222222	invited	41563e39ae60b565c4d3182435750c41eed0835025deff7901f49aa0cfb02f17	2025-10-18 04:25:23+00	\N	f	f		2025-10-17 04:25:23+00	2025-10-17 04:42:50+00	2025-10-17 04:42:50+00	b31f7a56-c070-4bd1-8de4-991ecc66c401
7ab6970e-3cf5-4587-8a26-81e0e84823a3	Daniel	D'Aloisio	\N	\N	Project Manager	ddaloisio@safetechenv.com	5555555555	invited	16c32ce2a06bdb5d2fb9bf41d649ab75ebc289798ac4ada1b37e739d7cf75fae	2025-10-01 02:52:54+00	\N	f	f		2025-09-22 15:08:57+00	2025-09-30 02:52:54+00	\N	579f18c9-c7a6-4dcb-b84c-4f520e990f6c
82e816f3-f64b-405e-8ad6-9ee4ff243d52	2222233	222	\N	\N	Technician	www@gmail.com	21311311311	invited	983916a0cebfae1a7b737558f1fdda2a3c855a018ce8b87b143509c8db6baff2	2025-10-17 10:02:42+00	\N	f	f		2025-10-16 10:02:42+00	2025-10-16 10:04:32+00	2025-10-16 10:04:32+00	b31f7a56-c070-4bd1-8de4-991ecc66c401
a24b745d-d342-4b1b-8a5e-1e48ff8b24c0	David	Rodriguez	\N	\N	Project Manager	david.rodriguez476@yopmail.com	+1 (972) 580-4666	activated	\N	\N	2025-06-09 11:08:25+00	t	f	$2b$10$hRpqQa5oTkPpuyHevkWyueHeBe.H7chRvTFogo9nv4jYNkObdLxb2	2025-06-09 11:07:39+00	2025-06-09 11:15:06+00	2025-06-09 11:15:06+00	b31f7a56-c070-4bd1-8de4-991ecc66c401
b3c5650b-0442-4bda-a5ed-0fdec48164ef	new	test	\N	\N	Technician	bhargav.j+newtest@crestinfosystems.com	6985471230	invited	4bea88c83c963c90c2e755b3caa4c76f92d2d33861a2a6db63423dcfbd12a91a	2025-10-01 04:12:48+00	\N	f	f		2025-09-30 04:12:48+00	2025-09-30 04:15:44+00	2025-09-30 04:15:44+00	a0056997-bc2e-424b-b769-ee0ef88a650b
b6f181c7-bcf4-4e01-8650-3386e9c9a9f4	gfs	sdfsf	\N	\N	Technician	fs@gmail.com	21345646511	invited	b7249e8de41ce1f18020bebaa3dfa41e1a2df4eab77773b4c1ef41738d7f0386	2025-10-17 08:43:01+00	\N	f	f		2025-10-16 08:43:01+00	2025-10-16 09:14:55+00	2025-10-16 09:14:55+00	b31f7a56-c070-4bd1-8de4-991ecc66c401
bbc3c5f6-fa0e-4d57-b683-1306a793fc49	Stephen	Tech	\N	\N	Technician	schoi-tech@safetechenv.com	5555555555	invited	95e035d0e58077badd8df866224a8cac46e39309e49bce40fd540d47c19d4f0b	2025-10-28 15:15:52+00	\N	f	f		2025-10-27 15:15:52+00	2025-10-27 15:17:05+00	2025-10-27 15:17:05+00	579f18c9-c7a6-4dcb-b84c-4f520e990f6c
c6b1fdae-9cf8-4e1e-a4c2-9a5bcf4cbccd	Sophie	E	\N	\N	Admin	envoy1@safetechenv.com	5555555555	invited	7c38e574aa6e368bedde69cf6c0e7bc57e9ba1062e24ea85e73ce14e295cf770	2025-06-11 15:27:08+00	\N	f	f		2025-06-10 15:27:08+00	2025-06-12 19:30:13+00	2025-06-12 19:30:13+00	b31f7a56-c070-4bd1-8de4-991ecc66c401
cd839e44-b196-469e-a651-ee6c63ca898e	Chris	Sideris	\N	\N	Admin	chris@dastech.ca	5555555555	activated	\N	\N	2025-06-10 15:24:16+00	t	f	$2b$10$zUggmopKKdQwg9DE.2RnSuAnYvcTzM/0D6HRjU1nMwyAzjn98p4K6	2025-06-10 15:22:42+00	2025-08-15 15:38:51+00	2025-08-15 15:38:51+00	b31f7a56-c070-4bd1-8de4-991ecc66c401
ce1ffe28-4edc-4a5f-876d-f83440d719ce	Winston	Lew	\N	\N	Project Manager	wlew@safetechenv.com	\N	invited	8dd97035d4293aed899bc1df1069c18700fa5296904f33ba2ae89158550fe2a0	2025-06-14 15:11:18+00	\N	f	f		2025-06-13 15:11:18+00	2025-06-17 15:30:21+00	2025-06-17 15:30:21+00	dbfdab21-46fe-4592-91a1-ef87515f0558
ced8ea5f-e2af-49b6-a7fe-f940d08155c7	Chris	Sideris	\N	\N	Technician	chrissideris22@gmail.com	5555555	activated	\N	\N	2025-09-30 02:56:26+00	t	t	$2b$10$RiOTIUR.92oqA2PjnOKsIeTs9WwwseuSbtg1XkCUhEn/lHG5xcr9i	2025-09-30 02:54:42+00	2025-10-27 03:44:55+00	2025-10-27 03:44:55+00	579f18c9-c7a6-4dcb-b84c-4f520e990f6c
dbfdab21-46fe-4592-91a1-ef87515f0558	Sophie	Smith	\N	\N	Admin	envoy1@safetechenv.com	5555555555	activated	\N	\N	2025-10-06 15:24:13+00	t	f	$2b$10$ZubX6C8mlrfEG4Q7HSrttOJ.l2SbKw2Nfecvb9xTPyYWTSjoJY42.	2025-06-12 19:30:42+00	2025-10-06 15:24:13+00	\N	b31f7a56-c070-4bd1-8de4-991ecc66c401
debf04b8-ac86-495c-9dd4-3bf10bf5791e	Chris	Test	\N	\N	Technician	chris@dastech.ca	5555555555	invited	\N	\N	\N	f	f		2025-06-05 18:21:12+00	2025-06-10 15:22:48+00	2025-06-10 15:22:48+00	b31f7a56-c070-4bd1-8de4-991ecc66c401
e7248cc5-8f0a-4a2c-8e7c-f2e8673500f2	Winston	Lew	\N	\N	Admin	wlew@safetechenv.com	\N	activated	\N	\N	\N	t	f	$2b$10$YrpPeSrCohKykvI.Db2Lre7oVpqpPqCvbPAHEbKWr/n3eLLpagWwS	2025-06-18 18:56:40+00	2025-06-18 18:57:34+00	\N	dbfdab21-46fe-4592-91a1-ef87515f0558
e7ce9216-6726-4552-a528-3b8aeaf2a8ef	Stephen	Choi	\N	\N	Project Manager	schoi@safetechenv.com	\N	activated	\N	\N	2025-10-27 15:16:45+00	t	f	$2b$10$x6cPMZ/KiXxYyoHbGgBa4.FawCL2F1.C11W47cR/IPjP8pk8wDUfW	2025-06-17 15:31:55+00	2025-10-27 15:16:45+00	\N	dbfdab21-46fe-4592-91a1-ef87515f0558
e97b5020-2724-4ce5-a91c-063956eeec75	Winston	Lew	\N	\N	Admin	wlew@safetechenv.com	\N	invited	31e231472391a079cb3138b6b9d407747d6fecb70326cf22a604cdcb8b635179	2025-06-18 15:30:47+00	\N	f	f		2025-06-17 15:30:47+00	2025-06-18 18:55:37+00	2025-06-18 18:55:37+00	dbfdab21-46fe-4592-91a1-ef87515f0558
ec5306d0-bcea-43b7-b799-3517ba997358	Test	user	\N	\N	Technician	test-z07i1bphg@srv1.mail-tester.com	6541239871	invited	3ef31308b2c04c70eb4a24a47961966767d30fea071b931f113be601f00b107f	2025-10-01 04:09:02+00	\N	f	f		2025-09-30 04:09:02+00	2025-09-30 04:15:47+00	2025-09-30 04:15:47+00	a0056997-bc2e-424b-b769-ee0ef88a650b
ef52ee38-ce00-4a1d-ae8d-5fb0e466ca44	Will	Jacks	https://safetech-dev-images.s3.ca-central-1.amazonaws.com/profiles/1749644733163-luthfi-alfarizi-gEf9bOMTZtk-unsplash.jpg	\N	Project Manager	willjacks@yopmail.com	9874563210	invited	e5389b8d7ddfed5cefc9ebc8f265e71c10f1da2123aa7c46eb593cd6727103de	2025-06-12 12:20:37+00	\N	f	f		2025-06-11 12:20:37+00	2025-07-03 17:07:29+00	2025-07-03 17:07:29+00	b31f7a56-c070-4bd1-8de4-991ecc66c401
efef996c-d740-41be-ab57-3493dac13bdf	Kia	Advani	\N	\N	Technician	kiaadam@yopmail.com	9874563210	activated	\N	\N	2025-06-09 11:06:30+00	t	f	$2b$10$1X7aspnJtFyHx6MUweD8lOCxymk/R/lWtp4U/Waemj092vKuAMEI.	2025-06-09 11:04:53+00	2025-06-09 11:15:11+00	2025-06-09 11:15:11+00	b31f7a56-c070-4bd1-8de4-991ecc66c401
f023967f-8808-4fd8-9472-7887aa015958	Tooba	Asif	\N	\N	Technician	tasif@safetechenv.com	\N	invited	d85b0beac39c656fa1d8b59a57a6c8a904807fa56ad71e1aa2d665adf4a8b210	2025-10-29 10:11:31+00	\N	f	f		2025-10-06 15:25:14+00	2025-10-28 10:11:31+00	\N	dbfdab21-46fe-4592-91a1-ef87515f0558
fa138665-0d3c-4cc0-8fc7-9a88992c4622	Charles	Lecrec	\N	\N	Technician	bhargav98jagtap@gmail.com	\N	invited	4a2b0184be280ce040603a6fcd9a041f52f80c6d4e9f82d6fb798984857e5592	2025-09-20 05:49:50+00	\N	f	f		2025-09-19 05:49:50+00	2025-09-23 12:32:06+00	2025-09-23 12:32:06+00	a0056997-bc2e-424b-b769-ee0ef88a650b
fe0caa60-2de1-45b7-8ac8-049a192277f2	James	Test	\N	\N	Technician	jgreen@safetechenv.com	\N	activated	\N	\N	2025-10-07 18:27:43+00	t	f	$2b$10$TJNB.kB66FZJwadlWArmu.kVR3WJuk6XPDd0UkN79Q8klqWkd6GJK	2025-09-16 15:56:41+00	2025-10-17 04:50:30+00	\N	579f18c9-c7a6-4dcb-b84c-4f520e990f6c
15de751d-6dbc-45b1-9757-72ea4be636bc	Glen	Powell	\N	\N	Technician	glenpowell@yopmail.com	987456211000445	activated	\N	\N	2025-11-06 11:15:09.314+00	t	f	$2b$10$7pCdQW9xJ3u4xlbPv50vAOD7wf1osNJZ.PyHGbVb0ayK2iSig1cTO	2025-11-03 10:53:00.831+00	2025-11-06 11:15:09.314+00	\N	a0056997-bc2e-424b-b769-ee0ef88a650b
d1186d22-54ae-4890-9bee-d5e0bbf7631f	Jack	Reacher	https://safetech-dev-images.s3.ca-central-1.amazonaws.com/profiles/1761734699694-image_picker_EDE4C507-AB6F-4152-B8D1-D2D164F93ACE-54696-00000099BDE17F7F.jpg	https://safetech-dev-images.s3.ca-central-1.amazonaws.com/profiles/1761734993172-signature.png	Technician	reacher@yopmail.com	9874563211	activated	\N	\N	2025-11-04 09:46:22.536+00	t	f	$2b$10$3Gc9kNP4GAOw3txXSbc4iOHBEsm3qGhj0gYgigy2h1luRnY024EGG	2025-06-11 04:34:10+00	2025-11-04 09:46:22.536+00	\N	b31f7a56-c070-4bd1-8de4-991ecc66c401
\.


--
-- Name: password_reset_tokens_id_seq; Type: SEQUENCE SET; Schema: public; Owner: neondb_owner
--

SELECT pg_catalog.setval('public.password_reset_tokens_id_seq', 1, false);


--
-- Name: SequelizeMeta SequelizeMeta_pkey; Type: CONSTRAINT; Schema: public; Owner: neondb_owner
--

ALTER TABLE ONLY public."SequelizeMeta"
    ADD CONSTRAINT "SequelizeMeta_pkey" PRIMARY KEY (name);


--
-- Name: customers customers_pkey; Type: CONSTRAINT; Schema: public; Owner: neondb_owner
--

ALTER TABLE ONLY public.customers
    ADD CONSTRAINT customers_pkey PRIMARY KEY (id);


--
-- Name: lab_report_results lab_report_results_pkey; Type: CONSTRAINT; Schema: public; Owner: neondb_owner
--

ALTER TABLE ONLY public.lab_report_results
    ADD CONSTRAINT lab_report_results_pkey PRIMARY KEY (id);


--
-- Name: lab_reports lab_reports_pkey; Type: CONSTRAINT; Schema: public; Owner: neondb_owner
--

ALTER TABLE ONLY public.lab_reports
    ADD CONSTRAINT lab_reports_pkey PRIMARY KEY (id);


--
-- Name: locations locations_pkey; Type: CONSTRAINT; Schema: public; Owner: neondb_owner
--

ALTER TABLE ONLY public.locations
    ADD CONSTRAINT locations_pkey PRIMARY KEY (id);


--
-- Name: materials materials_pkey; Type: CONSTRAINT; Schema: public; Owner: neondb_owner
--

ALTER TABLE ONLY public.materials
    ADD CONSTRAINT materials_pkey PRIMARY KEY (id);


--
-- Name: password_reset_tokens password_reset_tokens_pkey; Type: CONSTRAINT; Schema: public; Owner: neondb_owner
--

ALTER TABLE ONLY public.password_reset_tokens
    ADD CONSTRAINT password_reset_tokens_pkey PRIMARY KEY (id);


--
-- Name: project_drawings project_drawings_pkey; Type: CONSTRAINT; Schema: public; Owner: neondb_owner
--

ALTER TABLE ONLY public.project_drawings
    ADD CONSTRAINT project_drawings_pkey PRIMARY KEY (id);


--
-- Name: project_technicians project_technicians_pkey; Type: CONSTRAINT; Schema: public; Owner: neondb_owner
--

ALTER TABLE ONLY public.project_technicians
    ADD CONSTRAINT project_technicians_pkey PRIMARY KEY (project_id, user_id);


--
-- Name: projects projects_pkey; Type: CONSTRAINT; Schema: public; Owner: neondb_owner
--

ALTER TABLE ONLY public.projects
    ADD CONSTRAINT projects_pkey PRIMARY KEY (id);


--
-- Name: report_templates report_templates_pkey; Type: CONSTRAINT; Schema: public; Owner: neondb_owner
--

ALTER TABLE ONLY public.report_templates
    ADD CONSTRAINT report_templates_pkey PRIMARY KEY (id);


--
-- Name: reports reports_pkey; Type: CONSTRAINT; Schema: public; Owner: neondb_owner
--

ALTER TABLE ONLY public.reports
    ADD CONSTRAINT reports_pkey PRIMARY KEY (id);


--
-- Name: users users_pkey; Type: CONSTRAINT; Schema: public; Owner: neondb_owner
--

ALTER TABLE ONLY public.users
    ADD CONSTRAINT users_pkey PRIMARY KEY (id);


--
-- Name: lab_report_results lab_report_results_lab_report_id_fkey; Type: FK CONSTRAINT; Schema: public; Owner: neondb_owner
--

ALTER TABLE ONLY public.lab_report_results
    ADD CONSTRAINT lab_report_results_lab_report_id_fkey FOREIGN KEY (lab_report_id) REFERENCES public.lab_reports(id) ON UPDATE CASCADE ON DELETE CASCADE;


--
-- Name: lab_reports lab_reports_project_id_fkey; Type: FK CONSTRAINT; Schema: public; Owner: neondb_owner
--

ALTER TABLE ONLY public.lab_reports
    ADD CONSTRAINT lab_reports_project_id_fkey FOREIGN KEY (project_id) REFERENCES public.projects(id) ON UPDATE CASCADE;


--
-- Name: locations locations_customer_id_fkey; Type: FK CONSTRAINT; Schema: public; Owner: neondb_owner
--

ALTER TABLE ONLY public.locations
    ADD CONSTRAINT locations_customer_id_fkey FOREIGN KEY (customer_id) REFERENCES public.customers(id) ON UPDATE CASCADE ON DELETE CASCADE;


--
-- Name: materials materials_created_by_fkey; Type: FK CONSTRAINT; Schema: public; Owner: neondb_owner
--

ALTER TABLE ONLY public.materials
    ADD CONSTRAINT materials_created_by_fkey FOREIGN KEY (created_by) REFERENCES public.users(id) ON UPDATE CASCADE ON DELETE SET NULL;


--
-- Name: password_reset_tokens password_reset_tokens_user_id_fkey; Type: FK CONSTRAINT; Schema: public; Owner: neondb_owner
--

ALTER TABLE ONLY public.password_reset_tokens
    ADD CONSTRAINT password_reset_tokens_user_id_fkey FOREIGN KEY (user_id) REFERENCES public.users(id) ON UPDATE CASCADE;


--
-- Name: project_drawings project_drawings_created_by_fkey; Type: FK CONSTRAINT; Schema: public; Owner: neondb_owner
--

ALTER TABLE ONLY public.project_drawings
    ADD CONSTRAINT project_drawings_created_by_fkey FOREIGN KEY (created_by) REFERENCES public.users(id) ON UPDATE CASCADE ON DELETE SET NULL;


--
-- Name: project_drawings project_drawings_project_id_fkey; Type: FK CONSTRAINT; Schema: public; Owner: neondb_owner
--

ALTER TABLE ONLY public.project_drawings
    ADD CONSTRAINT project_drawings_project_id_fkey FOREIGN KEY (project_id) REFERENCES public.projects(id) ON UPDATE CASCADE ON DELETE CASCADE;


--
-- Name: project_technicians project_technicians_project_id_fkey; Type: FK CONSTRAINT; Schema: public; Owner: neondb_owner
--

ALTER TABLE ONLY public.project_technicians
    ADD CONSTRAINT project_technicians_project_id_fkey FOREIGN KEY (project_id) REFERENCES public.projects(id) ON UPDATE CASCADE ON DELETE CASCADE;


--
-- Name: project_technicians project_technicians_user_id_fkey; Type: FK CONSTRAINT; Schema: public; Owner: neondb_owner
--

ALTER TABLE ONLY public.project_technicians
    ADD CONSTRAINT project_technicians_user_id_fkey FOREIGN KEY (user_id) REFERENCES public.users(id) ON UPDATE CASCADE ON DELETE CASCADE;


--
-- Name: projects projects_customer_id_fkey; Type: FK CONSTRAINT; Schema: public; Owner: neondb_owner
--

ALTER TABLE ONLY public.projects
    ADD CONSTRAINT projects_customer_id_fkey FOREIGN KEY (customer_id) REFERENCES public.customers(id) ON UPDATE CASCADE ON DELETE CASCADE;


--
-- Name: projects projects_location_id_fkey; Type: FK CONSTRAINT; Schema: public; Owner: neondb_owner
--

ALTER TABLE ONLY public.projects
    ADD CONSTRAINT projects_location_id_fkey FOREIGN KEY (location_id) REFERENCES public.locations(id) ON UPDATE CASCADE ON DELETE CASCADE;


--
-- Name: projects projects_pm_id_fkey; Type: FK CONSTRAINT; Schema: public; Owner: neondb_owner
--

ALTER TABLE ONLY public.projects
    ADD CONSTRAINT projects_pm_id_fkey FOREIGN KEY (pm_id) REFERENCES public.users(id) ON UPDATE CASCADE;


--
-- Name: projects projects_report_template_id_fkey; Type: FK CONSTRAINT; Schema: public; Owner: neondb_owner
--

ALTER TABLE ONLY public.projects
    ADD CONSTRAINT projects_report_template_id_fkey FOREIGN KEY (report_template_id) REFERENCES public.report_templates(id) ON UPDATE CASCADE;


--
-- Name: projects projects_technician_id_fkey; Type: FK CONSTRAINT; Schema: public; Owner: neondb_owner
--

ALTER TABLE ONLY public.projects
    ADD CONSTRAINT projects_technician_id_fkey FOREIGN KEY (technician_id) REFERENCES public.users(id) ON UPDATE CASCADE;


--
-- Name: reports reports_project_id_fkey; Type: FK CONSTRAINT; Schema: public; Owner: neondb_owner
--

ALTER TABLE ONLY public.reports
    ADD CONSTRAINT reports_project_id_fkey FOREIGN KEY (project_id) REFERENCES public.projects(id) ON UPDATE CASCADE ON DELETE CASCADE;


--
-- Name: reports reports_report_template_id_fkey; Type: FK CONSTRAINT; Schema: public; Owner: neondb_owner
--

ALTER TABLE ONLY public.reports
    ADD CONSTRAINT reports_report_template_id_fkey FOREIGN KEY (report_template_id) REFERENCES public.report_templates(id) ON UPDATE CASCADE;


--
-- Name: users users_created_by_fkey; Type: FK CONSTRAINT; Schema: public; Owner: neondb_owner
--

ALTER TABLE ONLY public.users
    ADD CONSTRAINT users_created_by_fkey FOREIGN KEY (created_by) REFERENCES public.users(id);


--
-- Name: DEFAULT PRIVILEGES FOR SEQUENCES; Type: DEFAULT ACL; Schema: public; Owner: cloud_admin
--

ALTER DEFAULT PRIVILEGES FOR ROLE cloud_admin IN SCHEMA public GRANT ALL ON SEQUENCES TO neon_superuser WITH GRANT OPTION;


--
-- Name: DEFAULT PRIVILEGES FOR TABLES; Type: DEFAULT ACL; Schema: public; Owner: cloud_admin
--

ALTER DEFAULT PRIVILEGES FOR ROLE cloud_admin IN SCHEMA public GRANT ALL ON TABLES TO neon_superuser WITH GRANT OPTION;


--
-- PostgreSQL database dump complete
--

